Date,Open,High,Low,Close,Volume,Trades,Price,Adj Close
2023-07-24 05:08:26,2.5691,2.5876,2.0005,2.1657,565923.1,2143,2.1657,2.1657
2023-07-25 05:08:26,2.1575,2.4486,1.9003,2.26,848046.6,4219,2.26,2.26
2023-07-26 05:08:26,2.2469,2.5593,2.1474,2.2503,612882.0,4243,2.2503,2.2503
2023-07-27 05:08:26,2.2503,2.3138,2.0811,2.0964,676762.4,3186,2.0964,2.0964
2023-07-28 05:08:26,2.0637,2.2324,2.0563,2.2197,630914.6,3043,2.2197,2.2197
2023-07-29 05:08:26,2.2151,2.3774,2.1739,2.3459,572839.5,3017,2.3459,2.3459
2023-07-30 05:08:26,2.3411,2.4768,2.2222,2.2896,665330.4,2994,2.2896,2.2896
2023-07-31 05:08:26,2.2875,2.3712,2.2473,2.3164,578571.5,2948,2.3164,2.3164
2023-08-01 05:08:26,2.3219,2.4458,2.2021,2.4263,487904.3,3045,2.4263,2.4263
2023-08-02 05:08:26,2.4346,2.5236,2.3121,2.3599,548656.0,3013,2.3599,2.3599
2023-08-03 05:08:26,2.3568,2.3719,2.2603,2.3239,515575.9,2894,2.3239,2.3239
2023-08-04 05:08:26,2.3236,2.3392,2.1485,2.1727,303413.5,2727,2.1727,2.1727
2023-08-05 05:08:26,2.1758,2.1823,2.098,2.1312,251126.6,2612,2.1312,2.1312
2023-08-06 05:08:26,2.1302,2.1647,2.0137,2.0377,225586.9,2669,2.0377,2.0377
2023-08-07 05:08:26,2.0418,2.1071,2.0186,2.0402,267223.7,2744,2.0402,2.0402
2023-08-08 05:08:26,2.0412,2.0491,1.91,1.9396,319824.3,2679,1.9396,1.9396
2023-08-09 05:08:26,1.9419,1.9626,1.808,1.8331,480813.1,2767,1.8331,1.8331
2023-08-10 05:08:26,1.8333,1.8535,1.6716,1.6795,595536.0,3007,1.6795,1.6795
2023-08-11 05:08:26,1.6795,1.7686,1.657,1.7433,687551.1,3012,1.7433,1.7433
2023-08-12 05:08:26,1.7391,1.8175,1.7227,1.7558,468331.5,2819,1.7558,1.7558
2023-08-13 05:08:26,1.7602,1.8385,1.7602,1.7679,432868.8,2823,1.7679,1.7679
2023-08-14 05:08:26,1.7672,1.8151,1.7448,1.7668,284208.8,2763,1.7668,1.7668
2023-08-15 05:08:26,1.7697,1.7918,1.5815,1.6197,428345.1,2788,1.6197,1.6197
2023-08-16 05:08:26,1.619,1.6316,1.481,1.5225,917372.7,3027,1.5225,1.5225
2023-08-17 05:08:26,1.5217,1.5426,1.1909,1.3675,943995.5,3258,1.3675,1.3675
2023-08-18 05:08:26,1.364,1.5779,1.3226,1.5413,1120352.8,3345,1.5413,1.5413
2023-08-19 05:08:26,1.5408,1.5408,1.4479,1.479,700761.6,2910,1.479,1.479
2023-08-20 05:08:26,1.4783,1.5396,1.46,1.4676,596445.7,2789,1.4676,1.4676
2023-08-21 05:08:26,1.4681,1.5275,1.4267,1.4748,499459.6,2369,1.4748,1.4748
2023-08-22 05:08:26,1.4744,1.4971,1.3795,1.4316,405625.6,2286,1.4316,1.4316
2023-08-23 05:08:26,1.4373,1.444,1.3364,1.4063,469548.3,2459,1.4063,1.4063
2023-08-24 05:08:26,1.4101,1.4696,1.3738,1.3985,338277.1,2420,1.3985,1.3985
2023-08-25 05:08:26,1.3993,1.3993,1.2453,1.2677,585028.9,2377,1.2677,1.2677
2023-08-26 05:08:26,1.265,1.3235,1.2327,1.2927,316383.2,2313,1.2927,1.2927
2023-08-27 05:08:26,1.2922,1.312,1.2683,1.3107,170368.4,2085,1.3107,1.3107
2023-08-28 05:08:26,1.3117,1.3225,1.1998,1.2079,296033.2,1972,1.2079,1.2079
2023-08-29 05:08:26,1.2063,1.3852,1.1157,1.2976,351573.5,2021,1.2976,1.2976
2023-08-30 05:08:26,1.3043,1.3271,1.2031,1.2225,587141.7,2025,1.2225,1.2225
2023-08-31 05:08:26,1.2223,1.2583,1.1283,1.1348,473043.8,2087,1.1348,1.1348
2023-09-01 05:08:26,1.1389,1.1439,1.0962,1.1243,468776.6,2057,1.1243,1.1243
2023-09-02 05:08:26,1.1234,1.2077,1.1049,1.1336,585160.3,2059,1.1336,1.1336
2023-09-03 05:08:26,1.1341,1.151,1.101,1.1298,249431.1,2007,1.1298,1.1298
2023-09-04 05:08:26,1.1244,1.1632,1.0348,1.0474,335842.6,2019,1.0474,1.0474
2023-09-05 05:08:26,1.0408,1.0959,1.0192,1.0703,849785.2,2037,1.0703,1.0703
2023-09-06 05:08:26,1.0711,1.3217,1.051,1.2837,897717.0,2079,1.2837,1.2837
2023-09-07 05:08:26,1.2857,1.3804,1.1972,1.2282,1820847.9,2186,1.2282,1.2282
2023-09-08 05:08:26,1.2283,1.2522,1.1114,1.1355,584321.4,2122,1.1355,1.1355
2023-09-09 05:08:26,1.135,1.1795,1.1198,1.168,585068.5,2060,1.168,1.168
2023-09-10 05:08:26,1.1664,1.1802,1.061,1.0915,554623.1,2094,1.0915,1.0915
2023-09-11 05:08:26,1.0906,1.1065,0.99997,1.0089,1184905.4,2095,1.0089,1.0089
2023-09-12 05:08:26,1.0093,1.058,0.97108,1.0093,907511.7,2031,1.0093,1.0093
2023-09-13 05:08:26,1.0088,1.0387,0.97236,1.0135,924256.8,2139,1.0135,1.0135
2023-09-14 05:08:26,1.0149,1.1163,0.99599,1.066,1251701.0,2197,1.066,1.066
2023-09-15 05:08:26,1.0671,1.3722,1.0488,1.3259,2494606.9,2396,1.3259,1.3259
2023-09-16 05:08:26,1.325,1.6876,1.3127,1.5045,2222980.2,2782,1.5045,1.5045
2023-09-17 05:08:26,1.496,1.5037,1.2226,1.2613,1776558.0,2239,1.2613,1.2613
2023-09-18 05:08:26,1.2612,1.4903,1.2338,1.3516,1395218.1,2594,1.3516,1.3516
2023-09-19 05:08:26,1.3483,1.4235,1.3199,1.3747,342155.9,1854,1.3747,1.3747
2023-09-20 05:08:26,1.3736,1.5733,1.3535,1.5581,547013.7,2069,1.5581,1.5581
2023-09-21 05:08:26,1.5576,1.63,1.378,1.5128,1359497.1,2523,1.5128,1.5128
2023-09-22 05:08:26,1.5139,1.6265,1.455,1.6018,469267.6,1988,1.6018,1.6018
2023-09-23 05:08:26,1.6047,1.68,1.4907,1.5075,213394.5,1923,1.5075,1.5075
2023-09-24 05:08:26,1.5033,1.6609,1.4942,1.6178,200839.2,1940,1.6178,1.6178
2023-09-25 05:08:26,1.6234,1.7564,1.5705,1.7179,400993.8,2041,1.7179,1.7179
2023-09-26 05:08:26,1.7187,1.8008,1.634,1.6906,410240.1,2033,1.6906,1.6906
2023-09-27 05:08:26,1.6909,1.8307,1.6742,1.7979,323642.7,2043,1.7979,1.7979
2023-09-28 05:08:26,1.795,1.8914,1.7756,1.7914,386665.6,2068,1.7914,1.7914
2023-09-29 05:08:26,1.7901,1.8481,1.689,1.7283,343501.5,2108,1.7283,1.7283
2023-09-30 05:08:26,1.7283,1.8106,1.6542,1.667,194546.8,2021,1.667,1.667
2023-10-01 05:08:26,1.672,1.7971,1.6644,1.7753,217860.6,2063,1.7753,1.7753
2023-10-02 05:08:26,1.7799,1.7973,1.6144,1.6387,276827.6,2032,1.6387,1.6387
2023-10-03 05:08:26,1.6401,1.6735,1.5208,1.5299,219024.2,2029,1.5299,1.5299
2023-10-04 05:08:26,1.5347,1.558,1.453,1.5412,311708.6,2091,1.5412,1.5412
2023-10-05 05:08:26,1.5413,1.5851,1.4901,1.5062,270004.1,2373,1.5062,1.5062
2023-10-06 05:08:26,1.5086,1.6846,1.5045,1.6514,494977.0,2738,1.6514,1.6514
2023-10-07 05:08:26,1.6552,1.6778,1.5852,1.6,96078.2,2086,1.6,1.6
2023-10-08 05:08:26,1.6032,1.6325,1.5666,1.5824,239840.1,2254,1.5824,1.5824
2023-10-09 05:08:26,1.5829,1.6003,1.4963,1.5483,182874.3,2193,1.5483,1.5483
2023-10-10 05:08:26,1.5496,1.567,1.5089,1.5484,90747.4,2028,1.5484,1.5484
2023-10-11 05:08:26,1.5512,1.6481,1.5296,1.6306,231708.8,2121,1.6306,1.6306
2023-10-12 05:08:26,1.6292,1.6362,1.4484,1.4615,179315.5,2111,1.4615,1.4615
2023-10-13 05:08:26,1.4622,1.5048,1.4273,1.4847,242921.3,2137,1.4847,1.4847
2023-10-14 05:08:26,1.4856,1.5165,1.4618,1.4955,162374.5,2201,1.4955,1.4955
2023-10-15 05:08:26,1.4944,1.5448,1.4741,1.529,112803.1,2050,1.529,1.529
2023-10-16 05:08:26,1.5278,1.6831,1.5089,1.6073,357058.2,2327,1.6073,1.6073
2023-10-17 05:08:26,1.6099,1.668,1.5858,1.6242,590607.9,2613,1.6242,1.6242
2023-10-18 05:08:26,1.6234,1.6401,1.4514,1.4537,316053.2,2196,1.4537,1.4537
2023-10-19 05:08:26,1.4534,1.4926,1.4062,1.4508,336010.4,2109,1.4508,1.4508
2023-10-20 05:08:26,1.4526,1.5689,1.4341,1.5165,195570.8,2174,1.5165,1.5165
2023-10-21 05:08:26,1.5194,1.658,1.4983,1.6067,170613.9,1990,1.6067,1.6067
2023-10-22 05:08:26,1.6082,1.7211,1.5697,1.6332,396633.6,2226,1.6332,1.6332
2023-10-23 05:08:26,1.6319,1.6703,1.4851,1.6547,915650.9,2189,1.6547,1.6547
2023-10-24 05:08:26,1.6523,1.8059,1.595,1.6776,1240569.2,2481,1.6776,1.6776
2023-10-25 05:08:26,1.6785,1.8256,1.6572,1.8064,1362362.1,2681,1.8064,1.8064
2023-10-26 05:08:26,1.8073,1.9284,1.6846,1.8564,1691912.0,2696,1.8564,1.8564
2023-10-27 05:08:26,1.8493,1.9515,1.7528,1.8766,1246131.2,2613,1.8766,1.8766
2023-10-28 05:08:26,1.8753,1.9548,1.8147,1.8379,790905.2,2271,1.8379,1.8379
2023-10-29 05:08:26,1.8378,1.8695,1.7932,1.8,372604.1,2058,1.8,1.8
2023-10-30 05:08:26,1.8028,1.9379,1.8028,1.8867,299045.8,1985,1.8867,1.8867
2023-10-31 05:08:26,1.8876,2.0525,1.8695,2.0364,377830.8,1996,2.0364,2.0364
2023-11-01 05:08:26,2.031,2.0447,1.8403,1.887,488014.8,2166,1.887,1.887
2023-11-02 05:08:26,1.8915,1.9236,1.7055,1.7508,396337.8,1998,1.7508,1.7508
2023-11-03 05:08:26,1.751,1.8705,1.7022,1.8552,211300.8,1992,1.8552,1.8552
2023-11-04 05:08:26,1.8547,1.9015,1.843,1.8687,154823.8,1986,1.8687,1.8687
2023-11-05 05:08:26,1.8684,1.8922,1.795,1.8224,337374.0,2043,1.8224,1.8224
2023-11-06 06:08:26,1.8208,1.8695,1.7804,1.8229,870161.6,2055,1.8229,1.8229
2023-11-07 06:08:26,1.8219,1.8551,1.7387,1.8437,507590.6,1949,1.8437,1.8437
2023-11-08 06:08:26,1.8401,1.8599,1.7918,1.8336,286014.3,1989,1.8336,1.8336
2023-11-09 06:08:26,1.8348,1.9137,1.6003,1.7606,729907.2,2160,1.7606,1.7606
2023-11-10 06:08:26,1.7611,1.9979,1.6863,1.9647,384567.3,2013,1.9647,1.9647
2023-11-11 06:08:26,1.9614,2.0894,1.9021,1.9421,367298.6,2011,1.9421,1.9421
2023-11-12 06:08:26,1.9413,1.9846,1.8537,1.9514,384068.6,2039,1.9514,1.9514
2023-11-13 06:08:26,1.9474,2.585,1.8833,2.3135,550510.3,2284,2.3135,2.3135
2023-11-14 06:08:26,2.3061,2.3384,2.1172,2.3027,526845.4,2021,2.3027,2.3027
2023-11-15 06:08:26,2.3177,2.4538,2.2814,2.3625,617413.8,2384,2.3625,2.3625
2023-11-16 06:08:26,2.3612,2.5288,2.1498,2.1844,645182.7,2462,2.1844,2.1844
2023-11-17 06:08:26,2.1824,2.2574,1.8687,1.9903,1364650.5,2891,1.9903,1.9903
2023-11-18 06:08:26,1.9926,2.1188,1.8182,2.0603,963080.9,2612,2.0603,2.0603
2023-11-19 06:08:26,2.0506,2.578,2.004,2.4167,1545295.9,2958,2.4167,2.4167
2023-11-20 06:08:26,2.4174,2.7109,2.1715,2.1983,1159453.5,3404,2.1983,2.1983
2023-11-21 06:08:26,2.2013,2.5,2.1824,2.2375,2001879.8,3405,2.2375,2.2375
2023-11-22 06:08:26,2.2364,2.6,2.2351,2.5124,798850.5,2523,2.5124,2.5124
2023-11-23 06:08:26,2.5111,2.5482,2.3174,2.3765,479096.4,2171,2.3765,2.3765
2023-11-24 06:08:26,2.3765,2.5672,2.351,2.4755,512173.2,2209,2.4755,2.4755
2023-11-25 06:08:26,2.4796,2.8758,2.4518,2.7344,808663.6,2307,2.7344,2.7344
2023-11-26 06:08:26,2.7339,2.7596,2.5719,2.6639,664568.4,2303,2.6639,2.6639
2023-11-27 06:08:26,2.6582,2.7781,2.4586,2.5087,545781.8,2062,2.5087,2.5087
2023-11-28 06:08:26,2.5068,2.5753,2.401,2.5199,573509.6,2455,2.5199,2.5199
2023-11-29 06:08:26,2.5205,2.6376,2.3243,2.342,380279.6,2209,2.342,2.342
2023-11-30 06:08:26,2.3415,2.4512,2.3162,2.4369,514503.7,2254,2.4369,2.4369
2023-12-01 06:08:26,2.4377,2.5228,2.3745,2.4041,250400.7,2032,2.4041,2.4041
2023-12-02 06:08:26,2.3992,2.5991,2.3992,2.5576,304817.4,2155,2.5576,2.5576
2023-12-03 06:08:26,2.5573,2.6109,2.4239,2.4676,503048.3,2201,2.4676,2.4676
2023-12-04 06:08:26,2.4662,2.5785,2.355,2.4641,1039609.0,2400,2.4641,2.4641
2023-12-05 06:08:26,2.4622,2.5385,2.3736,2.4515,700096.0,2096,2.4515,2.4515
2023-12-06 06:08:26,2.4564,2.5463,2.4032,2.4315,912071.6,2383,2.4315,2.4315
2023-12-07 06:08:26,2.4411,2.5219,2.3354,2.5026,1407567.8,2590,2.5026,2.5026
2023-12-08 06:08:26,2.5053,2.5494,2.4322,2.4905,552326.0,2137,2.4905,2.4905
2023-12-09 06:08:26,2.4902,2.59,2.4459,2.49,1018063.7,2499,2.49,2.49
2023-12-10 06:08:26,2.4893,2.7574,2.4841,2.6942,884060.6,2322,2.6942,2.6942
2023-12-11 06:08:26,2.6953,2.7032,2.3724,2.4505,2173502.0,3649,2.4505,2.4505
2023-12-12 06:08:26,2.4475,2.4985,2.3565,2.4216,940768.9,2293,2.4216,2.4216
2023-12-13 06:08:26,2.4205,2.6043,2.3107,2.5249,895119.2,2945,2.5249,2.5249
2023-12-14 06:08:26,2.5237,2.6855,2.5039,2.6211,1037490.7,2759,2.6211,2.6211
2023-12-15 06:08:26,2.6204,2.7256,2.4633,2.4653,1049794.2,2864,2.4653,2.4653
2023-12-16 06:08:26,2.4669,4.55,2.4191,3.8245,4236061.3,8981,3.8245,3.8245
2023-12-17 06:08:26,3.8167,4.7829,3.7242,4.21,5510992.0,9365,4.21,4.21
2023-12-18 06:08:26,4.1976,4.336,3.6484,3.9549,5034333.1,7266,3.9549,3.9549
2023-12-19 06:08:26,3.9477,4.3379,3.6911,3.7309,2862146.1,5362,3.7309,3.7309
2023-12-20 06:08:26,3.7297,3.8157,3.4203,3.4966,2241195.0,4310,3.4966,3.4966
2023-12-21 06:08:26,3.485,3.8689,3.4486,3.5345,1019781.6,3063,3.5345,3.5345
2023-12-22 06:08:26,3.5326,3.7714,3.4703,3.6979,859329.9,2966,3.6979,3.6979
2023-12-23 06:08:26,3.6978,3.7358,3.34,3.4608,1057299.2,3344,3.4608,3.4608
2023-12-24 06:08:26,3.4637,3.5956,3.2682,3.367,985101.7,2618,3.367,3.367
2023-12-25 06:08:26,3.3685,3.7887,3.3681,3.7706,943010.1,3278,3.7706,3.7706
2023-12-26 06:08:26,3.7708,4.0886,3.3564,3.6926,1694264.3,3756,3.6926,3.6926
2023-12-27 06:08:26,3.6881,3.755,3.4303,3.631,779051.2,2598,3.631,3.631
2023-12-28 06:08:26,3.6266,3.746,3.3713,3.5207,717411.1,2667,3.5207,3.5207
2023-12-29 06:08:26,3.5194,3.6538,3.381,3.5137,982434.2,2737,3.5137,3.5137
2023-12-30 06:08:26,3.5135,3.9949,3.4516,3.6675,1319689.2,3407,3.6675,3.6675
2023-12-31 06:08:26,3.6685,3.8834,3.5172,3.6336,1260586.3,2611,3.6336,3.6336
2024-01-01 06:08:26,3.6368,3.7758,3.489,3.6276,988037.6,2564,3.6276,3.6276
2024-01-02 06:08:26,3.6274,3.9243,3.5162,3.5781,1535050.7,3952,3.5781,3.5781
2024-01-03 06:08:26,3.5767,3.8664,2.4313,3.0789,3702820.8,7410,3.0789,3.0789
2024-01-04 06:08:26,3.0783,3.2527,2.9926,3.2072,1458346.3,2851,3.2072,3.2072
2024-01-05 06:08:26,3.207,3.2459,2.8652,2.9805,1513462.6,3644,2.9805,2.9805
2024-01-06 06:08:26,2.9826,2.9829,2.64,2.7769,1700943.6,3802,2.7769,2.7769
2024-01-07 06:08:26,2.7778,2.8504,2.5946,2.6335,1858972.7,3090,2.6335,2.6335
2024-01-08 06:08:26,2.6329,2.8793,2.4071,2.8207,2257518.6,4114,2.8207,2.8207
2024-01-09 06:08:26,2.8195,2.8358,2.3751,2.5059,1648068.7,3661,2.5059,2.5059
2024-01-10 06:08:26,2.505,2.8335,2.4027,2.7514,2363157.1,3827,2.7514,2.7514
2024-01-11 06:08:26,2.754,2.9432,2.65,2.777,1884352.2,3639,2.777,2.777
2024-01-12 06:08:26,2.7774,3.1843,2.6896,2.8529,2794386.7,4516,2.8529,2.8529
2024-01-13 06:08:26,2.8506,2.933,2.7019,2.8669,1969522.5,3134,2.8669,2.8669
2024-01-14 06:08:26,2.863,2.9217,2.6625,2.6632,1982713.4,2816,2.6632,2.6632
2024-01-15 06:08:26,2.665,2.8389,2.663,2.7681,1815278.7,2920,2.7681,2.7681
2024-01-16 06:08:26,2.77,2.8597,2.6915,2.7548,2012552.3,3191,2.7548,2.7548
2024-01-17 06:08:26,2.756,2.7769,2.674,2.7206,1517188.3,2645,2.7206,2.7206
2024-01-18 06:08:26,2.7192,2.7687,2.5292,2.5715,1272147.8,3038,2.5715,2.5715
2024-01-19 06:08:26,2.5715,2.5851,2.3438,2.5137,2442291.7,3360,2.5137,2.5137
2024-01-20 06:08:26,2.5139,2.5508,2.4406,2.4974,871795.9,2623,2.4974,2.4974
2024-01-21 06:08:26,2.4981,2.6716,2.4715,2.5024,817147.6,2870,2.5024,2.5024
2024-01-22 06:08:26,2.5032,2.5175,2.2495,2.261,3394529.4,4054,2.261,2.261
2024-01-23 06:08:26,2.262,2.3378,2.0737,2.2456,1804045.5,3755,2.2456,2.2456
2024-01-24 06:08:26,2.2429,2.2936,2.2046,2.2925,759491.0,2257,2.2925,2.2925
2024-01-25 06:08:26,2.2929,2.3714,2.2137,2.2436,1814184.8,2681,2.2436,2.2436
2024-01-26 06:08:26,2.2413,2.3875,2.2164,2.3575,1379321.3,2439,2.3575,2.3575
2024-01-27 06:08:26,2.3593,2.4561,2.352,2.4215,622471.0,2319,2.4215,2.4215
2024-01-28 06:08:26,2.4215,2.4572,2.2643,2.281,992961.3,5098,2.281,2.281
2024-01-29 06:08:26,2.281,2.4015,2.2684,2.3806,851756.6,2373,2.3806,2.3806
2024-01-30 06:08:26,2.3802,2.7594,2.35,2.4749,2178585.8,4381,2.4749,2.4749
2024-01-31 06:08:26,2.4767,2.534,2.2647,2.2953,2950268.0,4352,2.2953,2.2953
2024-02-01 06:08:26,2.296,2.3084,2.2275,2.2784,1195196.2,2740,2.2784,2.2784
2024-02-02 06:08:26,2.2789,2.3763,2.2744,2.3577,969259.9,2525,2.3577,2.3577
2024-02-03 06:08:26,2.3566,2.4094,2.281,2.3123,734632.8,3026,2.3123,2.3123
2024-02-04 06:08:26,2.3124,2.3124,2.1673,2.1807,1218295.5,3856,2.1807,2.1807
2024-02-05 06:08:26,2.1816,2.2447,2.1523,2.2221,902458.5,2729,2.2221,2.2221
2024-02-06 06:08:26,2.2206,2.2493,2.1774,2.2183,2001655.0,5066,2.2183,2.2183
2024-02-07 06:08:26,2.219,2.377,2.2018,2.3568,550252.2,2774,2.3568,2.3568
2024-02-08 06:08:26,2.3589,2.4275,2.3314,2.3852,579567.0,2819,2.3852,2.3852
2024-02-09 06:08:26,2.386,2.5103,2.3851,2.492,930448.7,2968,2.492,2.492
2024-02-10 06:08:26,2.4923,2.6127,2.4269,2.4958,5483437.7,11127,2.4958,2.4958
2024-02-11 06:08:26,2.4955,2.6411,2.2815,2.4617,744960.4,4396,2.4617,2.4617
2024-02-12 06:08:26,2.4622,2.6488,2.4616,2.6224,1381488.6,4701,2.6224,2.6224
2024-02-13 06:08:26,2.6214,2.8961,2.6,2.779,1379455.1,5980,2.779,2.779
2024-02-14 06:08:26,2.7743,3.2402,2.6972,3.1366,1101823.6,5416,3.1366,3.1366
2024-02-15 06:08:26,3.1407,3.5044,3.0657,3.4797,1535802.3,6331,3.4797,3.4797
2024-02-16 06:08:26,3.471,4.626,3.365,4.4744,6545175.9,24987,4.4744,4.4744
2024-02-17 06:08:26,4.4733,4.96,4.2927,4.6912,5802539.1,19584,4.6912,4.6912
2024-02-18 06:08:26,4.6915,6.4065,4.6824,5.9018,6416895.5,24297,5.9018,5.9018
2024-02-19 06:08:26,5.9033,7.9843,5.8514,7.6387,8400899.6,33615,7.6387,7.6387
2024-02-20 06:08:26,7.6293,7.7968,6.2144,6.708,6653071.0,23910,6.708,6.708
2024-02-21 06:08:26,6.7039,7.2115,6.0476,7.1391,6492445.6,22644,7.1391,7.1391
2024-02-22 06:08:26,7.1405,9.0192,7.0554,8.1677,7478705.0,32263,8.1677,8.1677
2024-02-23 06:08:26,8.1686,9.1874,7.8479,8.235,6318324.9,22845,8.235,8.235
2024-02-24 06:08:26,8.2223,8.5085,7.6225,8.1705,4016078.6,13309,8.1705,8.1705
2024-02-25 06:08:26,8.1691,9.44,8.1311,8.5608,4242987.6,17075,8.5608,8.5608
2024-02-26 06:08:26,8.5572,9.2603,7.7138,7.9978,5303254.8,21401,7.9978,7.9978
2024-02-27 06:08:26,7.9985,8.5107,7.0348,7.1833,3922082.7,14810,7.1833,7.1833
2024-02-28 06:08:26,7.1858,8.79,6.818,7.9505,6672361.0,26538,7.9505,7.9505
2024-02-29 06:08:26,7.9532,8.3495,7.1761,7.3238,1887375.4,8249,7.3238,7.3238
2024-03-01 06:08:26,7.3392,8.4447,7.3392,7.9452,4352729.9,12044,7.9452,7.9452
2024-03-02 06:08:26,7.9409,8.1891,7.5081,7.6832,2196655.0,8890,7.6832,7.6832
2024-03-03 06:08:26,7.6787,8.5529,7.0742,7.9244,4185785.5,14596,7.9244,7.9244
2024-03-04 06:08:26,7.9226,8.4475,7.3257,7.3781,3927852.2,10901,7.3781,7.3781
2024-03-05 06:08:26,7.3781,7.5404,5.487,6.4308,5790931.3,18496,6.4308,6.4308
2024-03-06 06:08:26,6.4402,7.3793,6.064,7.3182,4649454.3,15428,7.3182,7.3182
2024-03-07 06:08:26,7.3278,8.0805,7.0245,7.1888,4335315.3,13225,7.1888,7.1888
2024-03-08 06:08:26,7.188,7.8321,6.7653,7.5296,3065722.5,10849,7.5296,7.5296
2024-03-09 06:08:26,7.5372,12.102,7.4779,11.699,7075074.4,21819,11.699,11.699
2024-03-10 06:08:26,11.699,11.968,9.1138,9.5529,3660968.6,13191,9.5529,9.5529
2024-03-11 05:08:26,9.5579,10.328,8.8796,9.8668,3251446.0,14160,9.8668,9.8668
2024-03-12 05:08:26,9.8546,10.569,9.0353,10.165,2974011.2,11846,10.165,10.165
2024-03-13 05:08:26,10.161,10.257,9.2928,9.5406,1151030.2,4772,9.5406,9.5406
2024-03-14 05:08:26,9.5488,10.89,9.2333,10.79,2601957.1,11893,10.79,10.79
2024-03-15 05:08:26,10.792,10.864,8.5401,9.7393,2765997.6,11639,9.7393,9.7393
2024-03-16 05:08:26,9.7487,9.874,8.1614,8.4446,1943863.6,7412,8.4446,8.4446
2024-03-17 05:08:26,8.4545,9.958,8.3176,9.5433,1928277.7,10851,9.5433,9.5433
2024-03-18 05:08:26,9.5677,9.8353,8.598,8.7578,1674643.7,10387,8.7578,8.7578
2024-03-19 05:08:26,8.7661,8.8717,7.3467,7.5076,4833409.7,21445,7.5076,7.5076
2024-03-20 05:08:26,7.5006,8.452,7.2073,8.3586,3610134.3,15024,8.3586,8.3586
2024-03-21 05:08:26,8.3465,8.4496,7.8279,8.0619,2303658.6,9577,8.0619,8.0619
2024-03-22 05:08:26,8.053,8.4123,7.6602,7.9981,2946579.6,12899,7.9981,7.9981
2024-03-23 05:08:26,7.998,9.084,7.9388,8.4634,2306355.1,10552,8.4634,8.4634
2024-03-24 05:08:26,8.4496,8.5884,8.1301,8.4618,807724.4,5215,8.4618,8.4618
2024-03-25 05:08:26,8.4639,8.9529,8.3368,8.6669,1183075.8,6205,8.6669,8.6669
2024-03-26 05:08:26,8.668,9.4788,8.5587,8.7475,1429196.4,6867,8.7475,8.7475
2024-03-27 05:08:26,8.749,9.2837,8.3555,8.4296,1234158.3,8037,8.4296,8.4296
2024-03-28 05:08:26,8.4261,8.6285,8.2001,8.4238,538761.3,3658,8.4238,8.4238
2024-03-29 05:08:26,8.4215,8.7235,8.0295,8.3825,1194456.8,8094,8.3825,8.3825
2024-03-30 05:08:26,8.3824,8.5282,8.067,8.1259,492697.2,4035,8.1259,8.1259
2024-03-31 05:08:26,8.1211,8.3105,8.0939,8.236,483651.4,3619,8.236,8.236
2024-04-01 05:08:26,8.2324,8.3124,7.3718,7.6678,1049448.7,7285,7.6678,7.6678
2024-04-02 05:08:26,7.6685,7.6742,6.7836,6.8367,1339105.4,7230,6.8367,6.8367
2024-04-03 05:08:26,6.8379,7.1917,6.5028,6.7473,794850.8,5619,6.7473,6.7473
2024-04-04 05:08:26,6.7443,7.1674,6.6053,6.871,682983.8,6836,6.871,6.871
2024-04-05 05:08:26,6.873,6.997,6.466,6.8611,1039732.0,9908,6.8611,6.8611
2024-04-06 05:08:26,6.8621,7.2736,6.7837,6.9781,1002233.4,9668,6.9781,6.9781
2024-04-07 05:08:26,6.9819,7.3825,6.956,7.2121,1199255.5,12156,7.2121,7.2121
2024-04-08 05:08:26,7.2123,7.4803,7.0397,7.3141,1421537.7,15276,7.3141,7.3141
2024-04-09 05:08:26,7.3127,7.3524,6.621,6.6681,1898159.7,14978,6.6681,6.6681
2024-04-10 05:08:26,6.6649,6.7541,6.1989,6.565,1461348.8,9587,6.565,6.565
2024-04-11 05:08:26,6.5675,6.8955,6.3058,6.3751,839530.2,13814,6.3751,6.3751
2024-04-12 05:08:26,6.3759,6.7275,4.6832,5.4767,2748987.3,16129,5.4767,5.4767
2024-04-13 05:08:26,5.4735,5.501,3.7065,4.422,4085999.2,23541,4.422,4.422
2024-04-14 05:08:26,4.4195,5.241,4.2366,5.1444,2742400.8,18644,5.1444,5.1444
2024-04-15 05:08:26,5.1391,5.2319,4.4558,4.7809,2357011.3,13657,4.7809,4.7809
2024-04-16 05:08:26,4.7877,5.2069,4.5181,5.0827,4010921.4,17969,5.0827,5.0827
2024-04-17 05:08:26,5.083,5.2857,4.6455,4.7324,3995025.0,16489,4.7324,4.7324
2024-04-18 05:08:26,4.7322,5.142,4.5776,4.9924,2782945.2,26515,4.9924,4.9924
2024-04-19 05:08:26,4.9932,5.2744,4.4725,4.9195,2549579.1,22389,4.9195,4.9195
2024-04-20 05:08:26,4.9215,5.6604,4.8237,5.6232,2178726.0,18663,5.6232,5.6232
2024-04-21 05:08:26,5.6221,5.8944,5.3618,5.5336,1417102.1,15323,5.5336,5.5336
2024-04-22 05:08:26,5.532,5.6903,5.4302,5.6011,1565577.9,12955,5.6011,5.6011
2024-04-23 05:08:26,5.6017,6.1685,5.3189,5.4007,2646570.2,16891,5.4007,5.4007
2024-04-24 05:08:26,5.397,5.5817,4.8557,4.9215,2084192.3,13328,4.9215,4.9215
2024-04-25 05:08:26,4.9226,5.1506,4.651,4.8733,3058642.6,35362,4.8733,4.8733
2024-04-26 05:08:26,4.8688,4.8966,4.597,4.7005,1837338.7,19595,4.7005,4.7005
2024-04-27 05:08:26,4.7056,4.9436,4.3112,4.8719,2256513.5,8261,4.8719,4.8719
2024-04-28 05:08:26,4.875,5.031,4.6731,4.7092,1407187.8,6222,4.7092,4.7092
2024-04-29 05:08:26,4.7052,4.795,4.508,4.7301,1605530.0,6477,4.7301,4.7301
2024-04-30 05:08:26,4.7359,4.8502,4.2717,4.5332,2849584.0,9839,4.5332,4.5332
2024-05-01 05:08:26,4.5343,4.6842,4.1843,4.6551,3052935.5,8791,4.6551,4.6551
2024-05-02 05:08:26,4.6412,4.7493,4.4153,4.6073,1130485.4,6358,4.6073,4.6073
2024-05-03 05:08:26,4.6016,5.2235,4.5643,5.1312,2215518.9,8013,5.1312,5.1312
2024-05-04 05:08:26,5.1343,5.2677,5.0327,5.0878,1037514.6,5537,5.0878,5.0878
2024-05-05 05:08:26,5.0868,5.8505,4.9299,5.7458,1788775.9,10752,5.7458,5.7458
2024-05-06 05:08:26,5.7497,6.532,5.7232,6.0024,2928765.2,18088,6.0024,6.0024
2024-05-07 05:08:26,6.0034,6.3125,5.8087,5.9059,2557450.7,14565,5.9059,5.9059
2024-05-08 05:08:26,5.9015,5.9576,5.2116,5.3684,1850603.0,15260,5.3684,5.3684
2024-05-09 05:08:26,5.3677,5.7728,5.3483,5.6305,1915341.4,10547,5.6305,5.6305
2024-05-10 05:08:26,5.6304,6.0937,5.3558,5.4629,1936300.1,12487,5.4629,5.4629
2024-05-11 05:08:26,5.4638,6.0674,5.4516,5.7884,1405111.8,9738,5.7884,5.7884
2024-05-12 05:08:26,5.7876,6.062,5.7445,5.9517,746212.4,4981,5.9517,5.9517
2024-05-13 05:08:26,5.9548,6.3278,5.3889,5.6345,4505104.2,18858,5.6345,5.6345
2024-05-14 05:08:26,5.637,5.6669,4.607,4.7658,3321969.4,14990,4.7658,4.7658
2024-05-15 05:08:26,4.7701,5.1565,4.6697,5.0814,2952791.4,10071,5.0814,5.0814
2024-05-16 05:08:26,5.0798,5.1161,4.6429,4.8397,1168397.0,5898,4.8397,4.8397
2024-05-17 05:08:26,4.8455,5.0796,4.8097,4.9012,951217.1,4461,4.9012,4.9012
2024-05-18 05:08:26,4.8959,5.0786,4.8079,4.9748,788026.0,3785,4.9748,4.9748
2024-05-19 05:08:26,4.9753,5.0122,4.6546,4.6942,869937.5,4589,4.6942,4.6942
2024-05-20 05:08:26,4.6942,5.0944,4.6384,5.0635,2308638.9,10615,5.0635,5.0635
2024-05-21 05:08:26,5.0714,5.2391,4.9302,5.0972,2497585.7,7110,5.0972,5.0972
2024-05-22 05:08:26,5.0959,5.2634,4.9071,4.9717,2827579.7,8200,4.9717,4.9717
2024-05-23 05:08:26,4.9689,5.0136,4.4001,4.6904,3003651.8,9650,4.6904,4.6904
2024-05-24 05:08:26,4.693,4.7622,4.4692,4.5865,1072606.5,6166,4.5865,4.5865
2024-05-25 05:08:26,4.5864,4.8147,4.5723,4.7118,473307.2,6246,4.7118,4.7118
2024-05-26 05:08:26,4.7117,4.7405,4.486,4.534,562384.3,2854,4.534,4.534
2024-05-27 05:08:26,4.5318,4.8735,4.5073,4.8071,1302280.1,4213,4.8071,4.8071
2024-05-28 05:08:26,4.8053,4.8053,4.5448,4.6685,1538130.3,4264,4.6685,4.6685
2024-05-29 05:08:26,4.6689,5.0242,4.6562,4.9337,2150947.5,6790,4.9337,4.9337
2024-05-30 05:08:26,4.9332,5.1872,4.6915,4.9382,2334299.7,6344,4.9382,4.9382
2024-05-31 05:08:26,4.9362,4.9709,4.7131,4.8405,854068.4,3946,4.8405,4.8405
2024-06-01 05:08:26,4.8403,4.9389,4.7639,4.7941,429079.6,2892,4.7941,4.7941
2024-06-02 05:08:26,4.7958,4.8597,4.5984,4.6816,534830.8,2765,4.6816,4.6816
2024-06-03 05:08:26,4.678,4.873,4.6215,4.806,836627.9,3080,4.806,4.806
2024-06-04 05:08:26,4.8076,4.8969,4.6864,4.8294,889516.3,3638,4.8294,4.8294
2024-06-05 05:08:26,4.8249,5.1297,4.7878,4.9363,1079236.1,4138,4.9363,4.9363
2024-06-06 05:08:26,4.9343,5.0871,4.7404,4.8148,918218.1,3811,4.8148,4.8148
2024-06-07 05:08:26,4.8129,4.97,3.8478,4.4189,2177466.0,7360,4.4189,4.4189
2024-06-08 05:08:26,4.405,4.5044,4.1631,4.2448,1192512.9,3893,4.2448,4.2448
2024-06-09 05:08:26,4.2438,4.3122,4.1859,4.2416,590694.7,3264,4.2416,4.2416
2024-06-10 05:08:26,4.241,4.4079,3.9839,4.0614,2430908.2,12649,4.0614,4.0614
2024-06-11 05:08:26,4.0627,4.1066,3.7068,3.8019,3075198.2,9100,3.8019,3.8019
2024-06-12 05:08:26,3.8074,4.1016,3.635,3.8659,2126308.9,6954,3.8659,3.8659
2024-06-13 05:08:26,3.8585,3.8953,3.6061,3.6391,1484272.6,4408,3.6391,3.6391
2024-06-14 05:08:26,3.6428,3.7311,3.264,3.4293,2155118.5,5514,3.4293,3.4293
2024-06-15 05:08:26,3.4307,3.5074,3.3636,3.386,672560.0,2415,3.386,3.386
2024-06-16 05:08:26,3.3815,3.5031,3.2801,3.4534,1014900.7,2648,3.4534,3.4534
2024-06-17 05:08:26,3.4469,3.49,2.973,3.0246,2634128.4,4701,3.0246,3.0246
2024-06-18 05:08:26,3.0282,3.0365,2.491,2.8241,5322634.2,7834,2.8241,2.8241
2024-06-19 05:08:26,2.8206,2.9154,2.7457,2.7968,2189100.9,3303,2.7968,2.7968
2024-06-20 05:08:26,2.7893,3.1904,2.7611,3.0317,5593912.6,7314,3.0317,3.0317
2024-06-21 05:08:26,3.0351,3.1346,2.9592,2.9784,4239692.8,5706,2.9784,2.9784
2024-06-22 05:08:26,2.9785,3.0721,2.9067,2.9361,1742415.4,6856,2.9361,2.9361
2024-06-23 05:08:26,2.9354,3.028,2.8,2.8178,1113552.5,2969,2.8178,2.8178
2024-06-24 05:08:26,2.8177,2.9226,2.6441,2.9016,2582815.9,4170,2.9016,2.9016
2024-06-25 05:08:26,2.9008,2.9959,2.8297,2.8481,1028305.1,2997,2.8481,2.8481
2024-06-26 05:08:26,2.8488,2.9336,2.7211,2.7798,1977939.6,4096,2.7798,2.7798
2024-06-27 05:08:26,2.7799,2.8363,2.6932,2.7849,1043402.6,3943,2.7849,2.7849
2024-06-28 05:08:26,2.7856,2.8667,2.6522,2.6725,1513416.5,3355,2.6725,2.6725
2024-06-29 05:08:26,2.6732,2.771,2.5512,2.5585,654049.6,2844,2.5585,2.5585
2024-06-30 05:08:26,2.5573,2.58,2.3281,2.4658,2002988.9,4444,2.4658,2.4658
2024-07-01 05:08:26,2.4681,2.5001,2.2345,2.2785,4983082.0,6440,2.2785,2.2785
2024-07-02 05:08:26,2.276,2.4246,2.2392,2.2747,3709727.3,6166,2.2747,2.2747
2024-07-03 05:08:26,2.275,2.5527,2.149,2.2831,6194235.2,11106,2.2831,2.2831
2024-07-04 05:08:26,2.284,2.3922,2.0623,2.0874,8832775.5,12989,2.0874,2.0874
2024-07-05 05:08:26,2.0883,2.0883,1.7609,1.8264,9129603.5,15981,1.8264,1.8264
2024-07-06 05:08:26,1.8262,2.0362,1.7602,2.0056,4910697.6,8266,2.0056,2.0056
2024-07-07 05:08:26,2.0032,2.0057,1.8385,1.8756,3844032.1,5777,1.8756,1.8756
2024-07-08 05:08:26,1.8778,1.9572,1.7818,1.8216,6009326.4,7184,1.8216,1.8216
2024-07-09 05:08:26,1.8182,1.9283,1.7989,1.9246,3195605.2,4453,1.9246,1.9246
2024-07-10 05:08:26,1.9237,2.0745,1.8435,1.9508,6834786.2,7980,1.9508,1.9508
2024-07-11 05:08:26,1.9467,2.0017,1.7611,1.7881,6024677.4,8252,1.7881,1.7881
2024-07-12 05:08:26,1.7884,1.8282,1.7261,1.7816,5906712.0,6109,1.7816,1.7816
2024-07-13 05:08:26,1.7814,1.868,1.7718,1.8233,2361512.7,4111,1.8233,1.8233
2024-07-14 05:08:26,1.8232,1.8751,1.7995,1.8567,2466180.9,3844,1.8567,1.8567
2024-07-15 05:08:26,1.8579,2.3714,1.8546,2.337,8569292.2,9945,2.337,2.337
2024-07-16 05:08:26,2.3367,2.8714,2.106,2.8181,16323515.4,27091,2.8181,2.8181
2024-07-17 05:08:26,2.8155,3.24,2.7353,2.9453,15483131.8,27359,2.9453,2.9453
2024-07-18 05:08:26,2.946,2.9854,2.5691,2.648,7501477.7,17121,2.648,2.648
2024-07-19 05:08:26,2.6399,2.9185,2.5224,2.7644,7627458.5,14284,2.7644,2.7644
2024-07-20 05:08:26,2.767,2.8061,2.5433,2.639,2777472.1,6280,2.639,2.639
2024-07-21 05:08:26,2.6397,2.6628,2.3771,2.5682,4717004.7,9436,2.5682,2.5682
2024-07-22 05:08:26,2.57,2.632,2.2581,2.269,3803363.6,8645,2.269,2.269
2024-07-23 05:08:26,2.269,2.371,2.1484,2.177,5619276.8,9995,2.177,2.177
2024-07-24 05:08:26,2.1747,2.346,2.1397,2.205,4388414.0,9826,2.205,2.205
2024-07-25 05:08:26,2.2031,2.2401,2.0093,2.1134,3778704.1,7867,2.1134,2.1134
2024-07-26 05:08:26,2.1141,2.4544,2.11,2.3584,4856073.5,8964,2.3584,2.3584
2024-07-27 05:08:26,2.3568,2.4726,2.2973,2.3284,5147534.3,10599,2.3284,2.3284
2024-07-28 05:08:26,2.3284,2.3977,2.2419,2.3469,2657366.0,5833,2.3469,2.3469
2024-07-29 05:08:26,2.3463,2.4314,2.2592,2.2815,3355244.0,6371,2.2815,2.2815
2024-07-30 05:08:26,2.28,2.3153,2.1337,2.1916,3172585.9,5172,2.1916,2.1916
2024-07-31 05:08:26,2.1899,2.2376,2.0934,2.1042,2983582.4,4988,2.1042,2.1042
2024-08-01 05:08:26,2.1046,2.1433,1.9022,2.0789,4635059.2,6480,2.0789,2.0789
2024-08-02 05:08:26,2.0802,2.1059,1.8716,1.8972,4685732.6,7541,1.8972,1.8972
2024-08-03 05:08:26,1.8934,1.9145,1.6928,1.7418,3627742.0,6299,1.7418,1.7418
2024-08-04 05:08:26,1.741,1.7754,1.5541,1.6382,4765853.1,7190,1.6382,1.6382
2024-08-05 05:08:26,1.6383,1.6762,1.3459,1.5765,21471949.1,19786,1.5765,1.5765
2024-08-06 05:08:26,1.5764,1.7545,1.5724,1.6466,6191448.8,6925,1.6466,1.6466
2024-08-07 05:08:26,1.6454,1.7136,1.5282,1.544,5948021.9,7410,1.544,1.544
2024-08-08 05:08:26,1.5487,1.8653,1.5193,1.8509,6701701.0,7125,1.8509,1.8509
2024-08-09 05:08:26,1.8518,1.888,1.6894,1.7432,4273157.1,6097,1.7432,1.7432
2024-08-10 05:08:26,1.7437,1.7928,1.7087,1.7544,1600014.3,2962,1.7544,1.7544
2024-08-11 05:08:26,1.7527,1.8343,1.589,1.6007,3668845.4,4225,1.6007,1.6007
2024-08-12 05:08:26,1.6003,1.7466,1.5959,1.7004,5821617.7,5289,1.7004,1.7004
2024-08-13 05:08:26,1.7006,1.7098,1.6272,1.6708,2053907.3,3069,1.6708,1.6708
2024-08-14 05:08:26,1.6704,1.6945,1.5618,1.5901,2648267.1,3592,1.5901,1.5901
2024-08-15 05:08:26,1.5905,1.6071,1.4572,1.4919,4712162.1,3985,1.4919,1.4919
2024-08-16 05:08:26,1.4927,1.5271,1.4306,1.4715,4590989.2,4313,1.4715,1.4715
2024-08-17 05:08:26,1.4699,1.513,1.4568,1.5042,1686196.9,3049,1.5042,1.5042
2024-08-18 05:08:26,1.505,1.5805,1.4811,1.5125,2311843.1,3324,1.5125,1.5125
2024-08-19 05:08:26,1.5117,1.5475,1.4168,1.5309,4141681.1,5831,1.5309,1.5309
2024-08-20 05:08:26,1.5315,1.5973,1.5097,1.5223,4914920.2,5006,1.5223,1.5223
2024-08-21 05:08:26,1.5217,1.5927,1.4752,1.5703,5200484.6,5078,1.5703,1.5703
2024-08-22 05:08:26,1.571,1.6654,1.5521,1.6319,3668341.5,4189,1.6319,1.6319
2024-08-23 05:08:26,1.6321,1.8776,1.6319,1.8445,5290625.2,6241,1.8445,1.8445
2024-08-24 05:08:26,1.8458,1.976,1.8258,1.9127,2808008.0,4142,1.9127,1.9127
2024-08-25 05:08:26,1.9126,1.9139,1.7821,1.8446,4102730.8,4504,1.8446,1.8446
2024-08-26 05:08:26,1.8476,1.8792,1.6469,1.6677,4644165.7,4757,1.6677,1.6677
2024-08-27 05:08:26,1.6675,1.7312,1.4738,1.505,3088643.4,4764,1.505,1.505
2024-08-28 05:08:26,1.5034,1.5822,1.441,1.5158,4937498.8,5853,1.5158,1.5158
2024-08-29 05:08:26,1.5178,1.5731,1.4689,1.4936,4313241.1,4234,1.4936,1.4936
2024-08-30 05:08:26,1.4909,1.5453,1.4225,1.5232,4902807.9,5124,1.5232,1.5232
2024-08-31 05:08:26,1.525,1.541,1.4658,1.4894,1733202.1,3169,1.4894,1.4894
2024-09-01 05:08:26,1.4886,1.5116,1.3893,1.4014,2962340.0,3927,1.4014,1.4014
2024-09-02 05:08:26,1.3992,1.4934,1.3886,1.4754,5185626.4,4546,1.4754,1.4754
2024-09-03 05:08:26,1.4772,1.5125,1.4017,1.4053,3671746.8,4227,1.4053,1.4053
2024-09-04 05:08:26,1.4054,1.4715,1.3186,1.4242,3921245.3,4845,1.4242,1.4242
2024-09-05 05:08:26,1.4241,1.4389,1.3642,1.3869,4958475.4,4761,1.3869,1.3869
2024-09-06 05:08:26,1.3867,1.4349,1.286,1.3357,6162124.5,5043,1.3357,1.3357
2024-09-07 05:08:26,1.3344,1.3737,1.3179,1.3459,2672363.6,3085,1.3459,1.3459
2024-09-08 05:08:26,1.3451,1.4129,1.3411,1.3954,2509207.0,3602,1.3954,1.3954
2024-09-09 05:08:26,1.3954,1.4929,1.3832,1.461,3993005.1,5356,1.461,1.461
2024-09-10 05:08:26,1.4619,1.4839,1.425,1.4686,2671939.5,4010,1.4686,1.4686
2024-09-11 05:08:26,1.4687,1.4731,1.3614,1.3737,3251234.5,4023,1.3737,1.3737
2024-09-12 05:08:26,1.3747,1.6164,1.3738,1.5399,7299437.9,7465,1.5399,1.5399
2024-09-13 05:08:26,1.5389,1.5436,1.4591,1.519,5280213.9,4234,1.519,1.519
2024-09-14 05:08:26,1.5192,1.5534,1.489,1.5116,1821079.8,2863,1.5116,1.5116
2024-09-15 05:08:26,1.5128,1.5793,1.4559,1.4741,1947689.5,3068,1.4741,1.4741
2024-09-16 05:08:26,1.4699,1.4747,1.3851,1.4135,3450953.1,3623,1.4135,1.4135
2024-09-17 05:08:26,1.4133,1.5088,1.3968,1.4769,2858293.1,3879,1.4769,1.4769
2024-09-18 05:08:26,1.476,1.5587,1.4247,1.5568,4242300.7,4211,1.5568,1.5568
2024-09-19 05:08:26,1.5593,1.6511,1.5381,1.5971,7458066.8,5006,1.5971,1.5971
2024-09-20 05:08:26,1.5976,1.6878,1.5662,1.6194,3566501.2,4085,1.6194,1.6194
2024-09-21 05:08:26,1.6201,1.6538,1.5677,1.6454,2892357.9,4091,1.6454,1.6454
2024-09-22 05:08:26,1.6452,1.6587,1.5128,1.5623,4285652.2,3832,1.5623,1.5623
2024-09-23 05:08:26,1.5623,1.7845,1.5212,1.7089,12574049.5,8707,1.7089,1.7089
2024-09-24 05:08:26,1.7089,1.846,1.6581,1.8092,7816257.0,6615,1.8092,1.8092
2024-09-25 05:08:26,1.8134,2.1456,1.7931,2.1073,15084272.8,12962,2.1073,2.1073
2024-09-26 05:08:26,2.1069,2.1813,2.012,2.0352,11780973.6,10443,2.0352,2.0352
2024-09-27 05:08:26,2.0351,2.174,1.9993,2.1122,8964785.9,8768,2.1122,2.1122
2024-09-28 05:08:26,2.1101,2.1622,1.9786,2.0103,2946156.7,4415,2.0103,2.0103
2024-09-29 05:08:26,2.0155,2.1121,1.9308,2.0503,3529448.8,5093,2.0503,2.0503
2024-09-30 05:08:26,2.0496,2.07,1.8293,1.8592,5271618.1,5626,1.8592,1.8592
2024-10-01 05:08:26,1.8537,1.966,1.5747,1.6586,9645627.4,8788,1.6586,1.6586
2024-10-02 05:08:26,1.6562,1.7444,1.5442,1.5999,5281490.6,5058,1.5999,1.5999
2024-10-03 05:08:26,1.5997,1.6518,1.5344,1.6033,4455354.4,4505,1.6033,1.6033
2024-10-04 05:08:26,1.6031,1.7256,1.5862,1.698,2906207.0,3577,1.698,1.698
2024-10-05 05:08:26,1.6984,1.9104,1.6789,1.8151,3128614.8,3968,1.8151,1.8151
2024-10-06 05:08:26,1.8151,2.0485,1.7998,1.9383,4759705.5,5486,1.9383,1.9383
2024-10-07 05:08:26,1.9372,2.069,1.9051,1.9342,7663259.7,7708,1.9342,1.9342
2024-10-08 05:08:26,1.9386,2.0121,1.8266,1.8511,6434005.0,6100,1.8511,1.8511
2024-10-09 05:08:26,1.8546,1.8843,1.7184,1.7354,5353193.9,4871,1.7354,1.7354
2024-10-10 05:08:26,1.7343,1.7682,1.639,1.6994,4209198.5,4458,1.6994,1.6994
2024-10-11 05:08:26,1.6995,1.9605,1.6862,1.9309,5776765.6,5772,1.9309,1.9309
2024-10-12 05:08:26,1.9328,2.1214,1.8826,2.0818,4823574.7,5434,2.0818,2.0818
2024-10-13 05:08:26,2.0819,2.0931,1.9344,2.0769,3897838.0,4889,2.0769,2.0769
2024-10-14 05:08:26,2.0778,2.4419,2.072,2.4186,12783643.1,13309,2.4186,2.4186
2024-10-15 05:08:26,2.419,2.649,2.2759,2.3889,11726011.4,10532,2.3889,2.3889
2024-10-16 05:08:26,2.3907,2.4209,2.1735,2.2387,6644119.6,6474,2.2387,2.2387
2024-10-17 05:08:26,2.2393,2.325,2.0819,2.1265,8243078.1,9161,2.1265,2.1265
2024-10-18 05:08:26,2.1284,2.464,2.1079,2.3673,5765849.5,6198,2.3673,2.3673
2024-10-19 05:08:26,2.3685,2.533,2.3363,2.4596,8459765.1,6987,2.4596,2.4596
2024-10-20 05:08:26,2.4596,2.4766,2.337,2.4276,3727188.1,5103,2.4276,2.4276
2024-10-21 05:08:26,2.4277,2.4868,2.2665,2.2725,3088711.0,4855,2.2725,2.2725
2024-10-22 05:08:26,2.2781,2.326,2.1949,2.3068,2214939.7,3556,2.3068,2.3068
2024-10-23 05:08:26,2.306,2.3168,2.1542,2.248,3072829.3,3479,2.248,2.248
2024-10-24 05:08:26,2.2491,2.3164,2.1728,2.2023,4824355.2,4355,2.2023,2.2023
2024-10-25 05:08:26,2.2076,2.2187,1.7878,1.9228,7648737.8,6359,1.9228,1.9228
2024-10-26 05:08:26,1.9139,2.0456,1.8926,2.0111,2803816.5,3365,2.0111,2.0111
2024-10-27 05:08:26,2.0107,2.0748,1.9696,2.0426,892976.5,2481,2.0426,2.0426
2024-10-28 05:08:26,2.0433,2.0945,1.8858,2.0515,3617309.0,4299,2.0515,2.0515
2024-10-29 05:08:26,2.0562,2.1382,2.0346,2.1034,3614116.3,3799,2.1034,2.1034
2024-10-30 05:08:26,2.1029,2.1031,1.9837,2.004,3237786.8,3543,2.004,2.004
2024-10-31 05:08:26,2.0065,2.013,1.8825,1.9217,2035541.4,3104,1.9217,1.9217
2024-11-01 05:08:26,1.9239,1.9895,1.8261,1.8806,2034309.2,3311,1.8806,1.8806
2024-11-02 05:08:26,1.8793,1.8979,1.7784,1.8078,1437059.5,2967,1.8078,1.8078
2024-11-03 05:08:26,1.8094,1.815,1.63,1.7279,3073586.9,3724,1.7279,1.7279
2024-11-04 06:08:26,1.7249,1.7605,1.5909,1.6554,2702502.0,3405,1.6554,1.6554
2024-11-05 06:08:26,1.6609,1.8391,1.6601,1.7712,2489055.4,3923,1.7712,1.7712
2024-11-06 06:08:26,1.7704,2.013,1.7704,1.982,5632702.9,6984,1.982,1.982
2024-11-07 06:08:26,1.982,2.06,1.9213,1.9969,3453932.0,5098,1.9969,1.9969
2024-11-08 06:08:26,2.0005,2.0214,1.8444,1.9163,2059421.4,4570,1.9163,1.9163
2024-11-09 06:08:26,1.9185,2.1255,1.8821,2.0785,2848527.8,6351,2.0785,2.0785
2024-11-10 06:08:26,2.0788,2.265,2.0015,2.1124,7578887.9,10084,2.1124,2.1124
2024-11-11 06:08:26,2.116,2.508,2.097,2.4982,12761863.0,18208,2.4982,2.4982
2024-11-12 06:08:26,2.4974,2.8554,2.3032,2.4564,19021739.5,28223,2.4564,2.4564
2024-11-13 06:08:26,2.4582,2.485,2.1299,2.3037,10354707.2,16325,2.3037,2.3037
2024-11-14 06:08:26,2.3032,2.4881,2.1463,2.1821,5435916.5,8346,2.1821,2.1821
2024-11-15 06:08:26,2.181,2.3387,2.1234,2.3042,4075588.3,5417,2.3042,2.3042
2024-11-16 06:08:26,2.3052,2.4174,2.2466,2.3717,6982024.7,6829,2.3717,2.3717
2024-11-17 06:08:26,2.3712,2.4093,2.1842,2.2306,3763420.3,5408,2.2306,2.2306
2024-11-18 06:08:26,2.2318,2.4255,2.2162,2.3984,3840581.5,5259,2.3984,2.3984
2024-11-19 06:08:26,2.3976,2.4012,2.2261,2.289,2593024.6,3949,2.289,2.289
2024-11-20 06:08:26,2.2885,2.2885,2.0627,2.1144,3713369.9,4637,2.1144,2.1144
2024-11-21 06:08:26,2.1094,2.3361,2.0261,2.2419,7193933.5,8181,2.2419,2.2419
2024-11-22 06:08:26,2.2396,2.2992,2.1144,2.2564,3594707.7,4627,2.2564,2.2564
2024-11-23 06:08:26,2.2581,2.5093,2.2371,2.4461,8007350.8,9130,2.4461,2.4461
2024-11-24 06:08:26,2.4496,2.6897,2.3059,2.5479,6863824.1,8574,2.5479,2.5479
2024-11-25 06:08:26,2.5527,2.7949,2.3707,2.436,10775770.0,12688,2.436,2.436
2024-11-26 06:08:26,2.4427,2.5561,2.2471,2.3504,6171583.3,6315,2.3504,2.3504
2024-11-27 06:08:26,2.3515,2.5879,2.3,2.5553,3997825.8,5460,2.5553,2.5553
2024-11-28 06:08:26,2.556,3.068,2.4702,2.9463,8913430.4,14740,2.9463,2.9463
2024-11-29 06:08:26,2.9474,2.9626,2.7945,2.9289,6436003.7,9741,2.9289,2.9289
2024-11-30 06:08:26,2.9275,3.7383,2.8683,3.6434,14798775.1,31230,3.6434,3.6434
2024-12-01 06:08:26,3.633,3.6591,3.2621,3.4082,8893248.3,16854,3.4082,3.4082
2024-12-02 06:08:26,3.4075,3.4076,3.0775,3.2884,12253440.3,29065,3.2884,3.2884
2024-12-03 06:08:26,3.2843,3.4855,2.9656,3.2993,12651700.3,21686,3.2993,3.2993
2024-12-04 06:08:26,3.3009,3.5004,3.1956,3.3025,8859656.9,17121,3.3025,3.3025
2024-12-05 06:08:26,3.303,4.092,3.1275,3.7286,18249404.0,26089,3.7286,3.7286
2024-12-06 06:08:26,3.7234,4.1992,3.6292,3.9228,17630213.8,20844,3.9228,3.9228
2024-12-07 06:08:26,3.9228,3.9435,3.7538,3.7758,4407718.6,6657,3.7758,3.7758
2024-12-08 06:08:26,3.7783,3.8284,3.6537,3.8184,4101089.5,6831,3.8184,3.8184
2024-12-09 06:08:26,3.8178,3.8183,2.365,2.9289,24315011.7,28764,2.9289,2.9289
2024-12-10 06:08:26,2.9277,3.0409,2.5825,2.8378,16649000.3,18894,2.8378,2.8378
2024-12-11 06:08:26,2.8368,3.1633,2.714,3.1356,5466427.3,11348,3.1356,3.1356
2024-12-12 06:08:26,3.1374,3.3696,3.0161,3.0764,5440705.4,11722,3.0764,3.0764
2024-12-13 06:08:26,3.0816,3.1355,2.991,3.0919,2245077.6,5151,3.0919,3.0919
2024-12-14 06:08:26,3.0816,3.1157,2.8393,2.923,5531509.8,10150,2.923,2.923
2024-12-15 06:08:26,2.9178,3.1016,2.866,3.0457,5384078.0,8781,3.0457,3.0457
2024-12-16 06:08:26,3.0567,3.159,2.8489,2.8652,7960198.3,13040,2.8652,2.8652
2024-12-17 06:08:26,2.8673,2.9146,2.6911,2.7062,5248131.4,12001,2.7062,2.7062
2024-12-18 06:08:26,2.7077,2.7315,2.3712,2.4094,6208734.4,10993,2.4094,2.4094
2024-12-19 06:08:26,2.4114,2.4651,2.106,2.188,11728316.5,14901,2.188,2.188
2024-12-20 06:08:26,2.1893,2.3974,1.9379,2.3653,18767451.1,23674,2.3653,2.3653
2024-12-21 06:08:26,2.365,2.5026,2.1484,2.1782,7621098.8,9092,2.1782,2.1782
2024-12-22 06:08:26,2.1815,2.3041,2.1385,2.2149,5364070.1,5738,2.2149,2.2149
2024-12-23 06:08:26,2.2147,2.3606,2.1157,2.3219,5994202.2,6820,2.3219,2.3219
2024-12-24 06:08:26,2.3212,2.4131,2.2506,2.3582,2883520.5,4165,2.3582,2.3582
2024-12-25 06:08:26,2.358,2.3879,2.2669,2.3027,1643322.4,3381,2.3027,2.3027
2024-12-26 06:08:26,2.3026,2.325,2.1476,2.1852,2842926.1,4014,2.1852,2.1852
2024-12-27 06:08:26,2.1863,2.31,2.1587,2.1839,2329228.8,4327,2.1839,2.1839
2024-12-28 06:08:26,2.1856,2.2496,2.1328,2.2316,1321757.3,3165,2.2316,2.2316
2024-12-29 06:08:26,2.2308,2.2376,2.0877,2.1056,955905.2,2964,2.1056,2.1056
2024-12-30 06:08:26,2.1061,2.198,2.0138,2.0778,3429559.9,4760,2.0778,2.0778
2024-12-31 06:08:26,2.0766,2.1808,2.0209,2.093,1776181.8,3461,2.093,2.093
2025-01-01 06:08:26,2.0915,2.2458,2.0813,2.2297,2563397.9,3910,2.2297,2.2297
2025-01-02 06:08:26,2.2293,2.3585,2.2139,2.2958,2828003.4,5330,2.2958,2.2958
2025-01-03 06:08:26,2.3014,2.429,2.2088,2.4158,2498444.6,5114,2.4158,2.4158
2025-01-04 06:08:26,2.4141,2.4477,2.3443,2.3808,2348669.2,4399,2.3808,2.3808
2025-01-05 06:08:26,2.383,2.4363,2.3135,2.411,1561271.2,3508,2.411,2.411
2025-01-06 06:08:26,2.4131,2.8061,2.3465,2.618,17775038.5,31542,2.618,2.618
2025-01-07 06:08:26,2.6182,2.6842,2.3075,2.3255,16363309.1,26496,2.3255,2.3255
2025-01-08 06:08:26,2.3256,2.3654,2.0747,2.1987,12269600.6,17505,2.1987,2.1987
2025-01-09 06:08:26,2.1929,2.2376,2.0722,2.1197,5257920.9,7356,2.1197,2.1197
2025-01-10 06:08:26,2.1198,2.204,2.0527,2.1615,3538931.3,6930,2.1615,2.1615
2025-01-11 06:08:26,2.1618,2.2333,2.1217,2.1934,1356628.0,3553,2.1934,2.1934
2025-01-12 06:08:26,2.1933,2.2048,2.0997,2.1447,2579353.5,4558,2.1447,2.1447
2025-01-13 06:08:26,2.1394,2.2059,1.8383,1.9592,23979544.8,29882,1.9592,1.9592
2025-01-14 06:08:26,1.9603,2.062,1.9438,2.0374,5907279.7,8117,2.0374,2.0374
2025-01-15 06:08:26,2.0429,2.2188,1.9643,2.2126,4602932.6,5801,2.2126,2.2126
2025-01-16 06:08:26,2.2134,2.248,2.1169,2.1491,4024563.6,5187,2.1491,2.1491
2025-01-17 06:08:26,2.1535,2.3254,2.1525,2.2975,3849977.0,5676,2.2975,2.2975
2025-01-18 06:08:26,2.3035,2.381,2.0959,2.1477,7426104.1,8869,2.1477,2.1477
2025-01-19 06:08:26,2.1475,2.2355,1.8656,1.9068,16826165.9,19585,1.9068,1.9068
2025-01-20 06:08:26,1.9059,2.1582,1.8278,1.896,19394900.7,22206,1.896,1.896
2025-01-21 06:08:26,1.8957,2.3443,1.797,2.1315,23283519.3,28091,2.1315,2.1315
2025-01-22 06:08:26,2.131,2.4653,2.056,2.316,33161350.1,40272,2.316,2.316
2025-01-23 06:08:26,2.3116,2.3456,2.1039,2.2649,15379588.5,21333,2.2649,2.2649
2025-01-24 06:08:26,2.2648,2.3292,2.1193,2.1306,8856045.6,15273,2.1306,2.1306
2025-01-25 06:08:26,2.1278,2.18,2.0758,2.0978,8428486.4,11293,2.0978,2.0978
2025-01-26 06:08:26,2.0987,2.1194,1.9867,1.9869,7399482.9,12478,1.9869,1.9869
2025-01-27 06:08:26,1.9907,1.9916,1.8105,1.9069,17670687.5,19390,1.9069,1.9069
2025-01-28 06:08:26,1.9074,1.9308,1.6207,1.6319,11706425.4,15707,1.6319,1.6319
2025-01-29 06:08:26,1.632,1.8283,1.6117,1.7242,8280771.5,12308,1.7242,1.7242
2025-01-30 06:08:26,1.724,1.8722,1.7066,1.7659,8351997.5,9855,1.7659,1.7659
2025-01-31 06:08:26,1.7661,1.8767,1.7381,1.7722,4292273.8,7536,1.7722,1.7722
2025-02-01 06:08:26,1.7732,1.8089,1.5973,1.6139,2122396.9,3953,1.6139,1.6139
2025-02-02 06:08:26,1.6121,1.6381,1.287,1.3908,9864698.2,12487,1.3908,1.3908
2025-02-03 06:08:26,1.3906,1.4497,0.96169,1.4213,27227239.7,36610,1.4213,1.4213
2025-02-04 06:08:26,1.4202,1.4311,1.2483,1.3165,10491368.6,18469,1.3165,1.3165
2025-02-05 06:08:26,1.3149,1.3686,1.2609,1.2864,5336458.6,9203,1.2864,1.2864
2025-02-06 06:08:26,1.2895,1.3312,1.1823,1.2015,4933420.2,7884,1.2015,1.2015
2025-02-07 06:08:26,1.2005,1.3104,1.1511,1.2048,3970817.4,5872,1.2048,1.2048
2025-02-08 06:08:26,1.2035,1.264,1.1979,1.2481,3753750.5,3934,1.2481,1.2481
2025-02-09 06:08:26,1.2477,1.2856,1.1511,1.2225,2314110.1,3875,1.2225,1.2225
2025-02-10 06:08:26,1.2237,1.39,1.1718,1.2586,12066306.2,12780,1.2586,1.2586
2025-02-11 06:08:26,1.2628,1.3462,1.2221,1.2438,4575815.0,5390,1.2438,1.2438
2025-02-12 06:08:26,1.2442,1.3025,1.1702,1.2851,4988635.9,6152,1.2851,1.2851
2025-02-13 06:08:26,1.285,1.293,1.209,1.225,2224641.8,3500,1.225,1.225
2025-02-14 06:08:26,1.2257,1.3411,1.2147,1.2947,2777297.8,4871,1.2947,1.2947
2025-02-15 06:08:26,1.295,1.3051,1.218,1.2333,1316020.8,2752,1.2333,1.2333
2025-02-16 06:08:26,1.2333,1.2549,1.1983,1.2202,1956110.5,2989,1.2202,1.2202
2025-02-17 06:08:26,1.2192,1.2751,1.1718,1.2046,3598577.9,3739,1.2046,1.2046
2025-02-18 06:08:26,1.2042,1.2135,1.0764,1.1368,4050589.2,4596,1.1368,1.1368
2025-02-19 06:08:26,1.1364,1.1604,1.1094,1.1318,1838617.7,3209,1.1318,1.1318
2025-02-20 06:08:26,1.1308,1.213,1.1263,1.2026,3454251.9,4570,1.2026,1.2026
2025-02-21 06:08:26,1.2032,1.3243,1.1641,1.1814,5833187.6,7459,1.1814,1.1814
2025-02-22 06:08:26,1.1787,1.2903,1.1737,1.2571,2993082.8,3477,1.2571,1.2571
2025-02-23 06:08:26,1.2568,1.2735,1.2097,1.2396,2521177.6,4070,1.2396,1.2396
2025-02-24 06:08:26,1.2409,1.26,1.0191,1.0528,5024217.7,5945,1.0528,1.0528
2025-02-25 06:08:26,1.0531,1.1123,0.97117,1.0912,8869179.2,8307,1.0912,1.0912
2025-02-26 06:08:26,1.0927,1.1356,1.047,1.1117,5498021.1,6015,1.1117,1.1117
2025-02-27 06:08:26,1.1146,1.1833,1.1006,1.1543,5840113.9,6718,1.1543,1.1543
2025-02-28 06:08:26,1.1546,1.1546,1.0081,1.1111,7801277.5,6897,1.1111,1.1111
2025-03-01 06:08:26,1.1113,1.1241,1.07,1.1059,2272233.7,3534,1.1059,1.1059
2025-03-02 06:08:26,1.1042,1.2233,1.0682,1.213,3588499.5,5816,1.213,1.213
2025-03-03 06:08:26,1.2138,1.2578,1.0292,1.0474,13976341.0,13144,1.0474,1.0474
2025-03-04 06:08:26,1.0474,1.0567,0.8694,0.94386,10168891.6,9251,0.94386,0.94386
2025-03-05 06:08:26,0.94357,1.0156,0.93099,0.97572,5635499.5,6666,0.97572,0.97572
2025-03-06 06:08:26,0.97556,1.0102,0.9488,0.95917,4171759.5,4050,0.95917,0.95917
2025-03-07 06:08:26,0.96018,0.98766,0.90267,0.93542,5999809.1,4600,0.93542,0.93542
2025-03-08 06:08:26,0.93656,0.95445,0.87363,0.88803,5093041.5,4809,0.88803,0.88803
2025-03-09 06:08:26,0.888,0.9024,0.77773,0.79514,4426076.1,5305,0.79514,0.79514
2025-03-10 05:08:26,0.79603,0.87496,0.72076,0.75454,6832793.4,6881,0.75454,0.75454
2025-03-11 05:08:26,0.75641,0.82852,0.69991,0.79814,11228957.3,9014,0.79814,0.79814
2025-03-12 05:08:26,0.79832,0.8428,0.773,0.8413,5207762.9,4689,0.8413,0.8413
2025-03-13 05:08:26,0.84116,0.86926,0.8043,0.83879,3282064.2,4530,0.83879,0.83879
2025-03-14 05:08:26,0.83877,0.89335,0.83372,0.87008,4710014.0,4992,0.87008,0.87008
2025-03-15 05:08:26,0.87011,0.88742,0.86149,0.87701,1985625.8,2887,0.87701,0.87701
2025-03-16 05:08:26,0.87746,0.91122,0.81979,0.83272,5801709.4,6412,0.83272,0.83272
2025-03-17 05:08:26,0.83242,0.89599,0.832,0.8719,4757344.5,4697,0.8719,0.8719
2025-03-18 05:08:26,0.8719,0.8726,0.81122,0.83729,3769026.0,4706,0.83729,0.83729
2025-03-19 05:08:26,0.83698,0.89827,0.83504,0.89599,3995618.9,5006,0.89599,0.89599
2025-03-20 05:08:26,0.89628,0.91854,0.8491,0.85634,8549809.2,6299,0.85634,0.85634
2025-03-21 05:08:26,0.85643,0.87204,0.80637,0.81516,2451525.9,3533,0.81516,0.81516
2025-03-22 05:08:26,0.81512,0.84485,0.81512,0.82516,2245775.2,3515,0.82516,0.82516
2025-03-23 05:08:26,0.8251,0.84299,0.80855,0.82881,2772348.6,3589,0.82881,0.82881
2025-03-24 05:08:26,0.82902,0.9555,0.81512,0.90387,21055950.1,15413,0.90387,0.90387
2025-03-25 05:08:26,0.90531,0.94631,0.90046,0.93336,11184286.2,9615,0.93336,0.93336
2025-03-26 05:08:26,0.93321,0.97908,0.9235,0.92928,15872735.1,10714,0.92928,0.92928
2025-03-27 05:08:26,0.92928,0.98662,0.926,0.94867,16164435.0,9081,0.94867,0.94867
2025-03-28 05:08:26,0.94853,0.9554,0.82924,0.84017,6499866.2,4787,0.84017,0.84017
2025-03-29 05:08:26,0.8402,0.849,0.76571,0.77848,4459705.2,4392,0.77848,0.77848
2025-03-30 05:08:26,0.77867,0.80389,0.76337,0.77858,3790559.3,4195,0.77858,0.77858
2025-03-31 05:08:26,0.77851,0.78927,0.74463,0.769,4252006.1,4423,0.769,0.769
2025-04-01 05:08:26,0.76834,0.8449,0.76646,0.80233,3904315.2,4546,0.80233,0.80233
2025-04-02 05:08:26,0.80218,0.8097,0.71108,0.72356,6229260.4,5566,0.72356,0.72356
2025-04-03 05:08:26,0.72365,0.76479,0.70446,0.7513,6309743.8,5017,0.7513,0.7513
2025-04-04 05:08:26,0.75167,0.77153,0.72642,0.7595,4186362.6,3804,0.7595,0.7595
2025-04-05 05:08:26,0.75975,0.76177,0.72938,0.744,1597886.4,2715,0.744,0.744
2025-04-06 05:08:26,0.74429,0.74438,0.61459,0.63216,6899703.2,5284,0.63216,0.63216
2025-04-07 05:08:26,0.63192,0.68278,0.57338,0.64924,7996175.3,6673,0.64924,0.64924
2025-04-08 05:08:26,0.65014,0.66784,0.61129,0.617,2587917.5,3402,0.617,0.617
2025-04-09 05:08:26,0.61765,0.71376,0.5925,0.71084,12691241.8,7053,0.71084,0.71084
2025-04-10 05:08:26,0.71069,0.72338,0.67668,0.69463,9932262.1,7273,0.69463,0.69463
2025-04-11 05:08:26,0.69463,0.75,0.69366,0.7401,4205269.9,5403,0.7401,0.7401
2025-04-12 05:08:26,0.74019,0.78893,0.72827,0.7817,2261786.2,4103,0.7817,0.7817
2025-04-13 05:08:26,0.78146,0.79156,0.72888,0.74341,2953328.6,3861,0.74341,0.74341
2025-04-14 05:08:26,0.74372,0.77854,0.73397,0.7405,1854599.7,3266,0.7405,0.7405
2025-04-15 05:08:26,0.7405,0.75261,0.70657,0.70877,3238786.7,3800,0.70877,0.70877
2025-04-16 05:08:26,0.70824,0.7209,0.6775,0.6908,4545337.8,3961,0.6908,0.6908
2025-04-17 05:08:26,0.6909,0.71671,0.68137,0.69995,3914864.4,3821,0.69995,0.69995
2025-04-18 05:08:26,0.70082,0.7248,0.69296,0.70947,2325410.8,3365,0.70947,0.70947
2025-04-19 05:08:26,0.7093,0.77328,0.70554,0.76843,2460440.8,4053,0.76843,0.76843
2025-04-20 05:08:26,0.74258,0.78746,0.73937,0.77763,1529723.7,2443,0.77763,0.77763
2025-04-21 05:08:26,0.77718,0.80127,0.76119,0.7655,4221057.9,4988,0.7655,0.7655
2025-04-22 05:08:26,0.76531,0.84069,0.7491,0.8387,5347728.0,5127,0.8387,0.8387
2025-04-23 05:08:26,0.83984,0.88309,0.83657,0.86349,6708925.3,9578,0.86349,0.86349
2025-04-24 05:08:26,0.86361,0.92681,0.83617,0.92154,14184840.9,12976,0.92154,0.92154
2025-04-25 05:08:26,0.9206,1.0753,0.89368,1.0494,24104045.6,19067,1.0494,1.0494
2025-04-26 05:08:26,1.0487,1.2605,1.0487,1.217,29038268.5,31259,1.217,1.217
2025-04-27 05:08:26,1.2186,1.2384,1.1098,1.124,37992640.1,52667,1.124,1.124
2025-04-28 05:08:26,1.1242,1.2,1.0561,1.1307,32606894.0,32200,1.1307,1.1307
2025-04-29 05:08:26,1.1307,1.1885,1.0691,1.0877,15846020.7,15791,1.0877,1.0877
2025-04-30 05:08:26,1.0872,1.1711,1.0052,1.1299,25104752.5,23197,1.1299,1.1299
2025-05-01 05:08:26,1.1294,1.165,1.0022,1.0489,45004810.1,40975,1.0489,1.0489
2025-05-02 05:08:26,1.0489,1.0648,1.0112,1.0308,8024045.6,11210,1.0308,1.0308
2025-05-03 05:08:26,1.031,1.0311,0.95216,0.95422,8427335.0,17060,0.95422,0.95422
2025-05-04 05:08:26,0.9543,0.96382,0.91444,0.92193,4213454.5,7674,0.92193,0.92193
2025-05-05 05:08:26,0.92266,0.96323,0.85201,0.87017,10689779.3,14060,0.87017,0.87017
2025-05-06 05:08:26,0.87017,0.93783,0.86103,0.92755,7302848.6,8893,0.92755,0.92755
2025-05-07 05:08:26,0.92754,0.97269,0.90343,0.92906,9917243.7,14442,0.92906,0.92906
2025-05-08 05:08:26,0.93,1.0816,0.92403,1.0643,16995543.1,12513,1.0643,1.0643
2025-05-09 05:08:26,1.0647,1.1792,1.054,1.1405,17422431.7,18325,1.1405,1.1405
2025-05-10 05:08:26,1.1399,1.2565,1.135,1.2565,11166368.1,17261,1.2565,1.2565
2025-05-11 05:08:26,1.256,1.3622,1.2112,1.2635,13661999.4,19642,1.2635,1.2635
2025-05-12 05:08:26,1.2646,1.3531,1.2054,1.2866,19454418.9,19400,1.2866,1.2866
2025-05-13 05:08:26,1.2859,1.3404,1.1779,1.2991,8362945.4,11643,1.2991,1.2991
2025-05-14 05:08:26,1.2994,1.3205,1.219,1.2401,9107037.8,12309,1.2401,1.2401
2025-05-15 05:08:26,1.2402,1.2696,1.116,1.1451,7909931.9,12741,1.1451,1.1451
2025-05-16 05:08:26,1.1464,1.1882,1.0951,1.1093,4513985.9,8007,1.1093,1.1093
2025-05-17 05:08:26,1.1093,1.1124,1.056,1.0736,3209839.6,7523,1.0736,1.0736
2025-05-18 05:08:26,1.0726,1.1914,1.0653,1.1773,4977994.1,10912,1.1773,1.1773
2025-05-19 05:08:26,1.1773,1.1901,1.0686,1.1278,4443852.5,7846,1.1278,1.1278
2025-05-20 05:08:26,1.1272,1.1615,1.0623,1.1154,4388685.7,9409,1.1154,1.1154
2025-05-21 05:08:26,1.1156,1.2938,1.0909,1.1939,15886598.9,17962,1.1939,1.1939
2025-05-22 05:08:26,1.194,1.652,1.192,1.5158,60200360.2,62933,1.5158,1.5158
2025-05-23 05:08:26,1.5172,1.603,1.3309,1.3541,64387409.7,62680,1.3541,1.3541
2025-05-24 05:08:26,1.3535,1.5207,1.3475,1.4053,34036001.0,36960,1.4053,1.4053
2025-05-25 05:08:26,1.4055,1.4296,1.3124,1.4204,32573383.0,41418,1.4204,1.4204
2025-05-26 05:08:26,1.4207,1.4727,1.3388,1.367,24207929.0,37041,1.367,1.367
2025-05-27 05:08:26,1.3672,1.4864,1.3286,1.4025,37313631.4,50712,1.4025,1.4025
2025-05-28 05:08:26,1.4028,1.4223,1.3009,1.3582,17482893.1,32467,1.3582,1.3582
2025-05-29 05:08:26,1.3593,1.4001,1.3052,1.3091,13814362.3,19448,1.3091,1.3091
2025-05-30 05:08:26,1.3106,1.3233,1.1064,1.1254,34296377.5,34513,1.1254,1.1254
2025-05-31 05:08:26,1.1254,1.1719,1.0696,1.135,15179878.6,19709,1.135,1.135
2025-06-01 05:08:26,1.1352,1.1734,1.0894,1.1655,7028656.6,10008,1.1655,1.1655
2025-06-02 05:08:26,1.1655,1.1962,1.1072,1.188,14293802.1,12584,1.188,1.188
2025-06-03 05:08:26,1.1882,1.2496,1.1763,1.1879,22520554.1,24919,1.1879,1.1879
2025-06-04 05:08:26,1.1884,1.2121,1.129,1.1316,11750254.8,16013,1.1316,1.1316
2025-06-05 05:08:26,1.1313,1.1467,1.0126,1.033,9016905.7,13678,1.033,1.033
2025-06-06 05:08:26,1.0331,1.095,1.0291,1.0624,11602697.2,17749,1.0624,1.0624
2025-06-07 05:08:26,1.0616,1.1396,1.0579,1.1212,4981029.0,12450,1.1212,1.1212
2025-06-08 05:08:26,1.1216,1.1417,1.0911,1.1059,5488958.8,13242,1.1059,1.1059
2025-06-09 05:08:26,1.1057,1.1691,1.063,1.1645,13791839.9,16899,1.1645,1.1645
2025-06-10 05:08:26,1.1646,1.1932,1.1168,1.1797,10304143.1,16791,1.1797,1.1797
2025-06-11 05:08:26,1.1803,1.2196,1.096,1.1195,9055236.6,14998,1.1195,1.1195
2025-06-12 05:08:26,1.1199,1.122,1.0147,1.0265,7587596.8,13548,1.0265,1.0265
2025-06-13 05:08:26,1.0264,1.0285,0.93559,1.0034,15549936.9,22135,1.0034,1.0034
2025-06-14 05:08:26,1.0035,1.0069,0.95393,0.9754,3120970.9,4871,0.9754,0.9754
2025-06-15 05:08:26,0.9754,0.99638,0.95421,0.9803,3267624.7,7223,0.9803,0.9803
2025-06-16 05:08:26,0.9799,1.0265,0.9562,0.95727,14043975.4,16267,0.95727,0.95727
2025-06-17 05:08:26,0.95847,0.96722,0.8916,0.91012,9663276.2,13562,0.91012,0.91012
2025-06-18 05:08:26,0.91014,0.96432,0.8676,0.95526,10925256.2,12305,0.95526,0.95526
2025-06-19 05:08:26,0.95536,0.96867,0.91981,0.93107,4693199.0,6243,0.93107,0.93107
2025-06-20 05:08:26,0.93094,0.95946,0.87068,0.88476,12647924.3,15155,0.88476,0.88476
2025-06-21 05:08:26,0.88489,0.89524,0.80044,0.86563,6620744.2,11132,0.86563,0.86563
2025-06-22 05:08:26,0.86571,0.88129,0.77156,0.82762,16254460.3,17091,0.82762,0.82762
2025-06-23 05:08:26,0.82786,0.93149,0.79914,0.92374,20001049.7,16509,0.92374,0.92374
2025-06-24 05:08:26,0.92419,0.95762,0.9056,0.9302,11830939.4,11534,0.9302,0.9302
2025-06-25 05:08:26,0.9302,0.93762,0.876,0.88429,12558772.5,12735,0.88429,0.88429
2025-06-26 05:08:26,0.88433,0.91276,0.85255,0.86305,8470144.7,10975,0.86305,0.86305
2025-06-27 05:08:26,0.86326,0.88778,0.85064,0.87407,9349285.1,10214,0.87407,0.87407
2025-06-28 05:08:26,0.87359,0.90481,0.86645,0.89549,4580871.0,5862,0.89549,0.89549
2025-06-29 05:08:26,0.89545,0.95857,0.88565,0.94176,4801797.5,7375,0.94176,0.94176
2025-06-30 05:08:26,0.94178,0.94828,0.88206,0.89815,5642679.1,7621,0.89815,0.89815
2025-07-01 05:08:26,0.89824,0.9017,0.84419,0.85414,6401157.0,8172,0.85414,0.85414
2025-07-02 05:08:26,0.85391,0.96583,0.84511,0.94407,12203079.4,13174,0.94407,0.94407
2025-07-03 05:08:26,0.94434,0.98375,0.92267,0.94383,14240339.7,13196,0.94383,0.94383
2025-07-04 05:08:26,0.94463,0.95188,0.86,0.87289,14124555.8,14557,0.87289,0.87289
2025-07-05 05:08:26,0.87398,0.88643,0.85198,0.86857,3310318.3,5196,0.86857,0.86857
2025-07-06 05:08:26,0.86896,0.91143,0.85986,0.89322,9092096.7,12858,0.89322,0.89322
2025-07-07 05:08:26,0.89338,0.90974,0.85912,0.87237,6756849.1,8105,0.87237,0.87237
2025-07-08 05:08:26,0.87237,0.88733,0.85406,0.87433,4458024.9,7126,0.87433,0.87433
2025-07-09 05:08:26,0.87486,0.91986,0.86002,0.91408,10907075.4,13287,0.91408,0.91408
2025-07-10 05:08:26,0.91423,1.0785,0.89968,1.0694,18883201.5,20085,1.0694,1.0694
2025-07-11 05:08:26,1.0695,1.141,1.0088,1.0409,21745791.1,22011,1.0409,1.0409
2025-07-12 05:08:26,1.041,1.0578,0.99301,1.0298,9680440.8,11446,1.0298,1.0298
2025-07-13 05:08:26,1.0299,1.0812,1.0244,1.0461,6180005.7,8749,1.0461,1.0461
2025-07-14 05:08:26,1.0464,1.1227,1.0194,1.0526,13402132.9,14611,1.0526,1.0526
2025-07-15 05:08:26,1.0517,1.0871,0.99282,1.0852,14986865.9,14071,1.0852,1.0852
2025-07-16 05:08:26,1.0855,1.1505,1.0494,1.1091,11233866.7,11876,1.1091,1.1091
2025-07-17 05:08:26,1.1082,1.1341,1.0567,1.1075,11255539.2,13369,1.1075,1.1075
2025-07-18 05:08:26,1.1083,1.2118,1.1008,1.1391,18500444.1,19785,1.1391,1.1391
2025-07-19 05:08:26,1.1378,1.1833,1.0963,1.1506,4879907.9,10570,1.1506,1.1506
2025-07-20 05:08:26,1.1509,1.286,1.1383,1.2247,14586588.9,16831,1.2247,1.2247
2025-07-21 05:08:26,1.2245,1.2925,1.195,1.2385,13748531.9,17704,1.2385,1.2385
2025-07-22 05:08:26,1.2384,1.402,1.1643,1.3963,21566512.3,21632,1.3963,1.3963
2025-07-23 05:08:26,1.3967,1.399,1.1276,1.1754,30240834.8,29285,1.1754,1.1754
2025-07-24 05:08:26,1.1763,1.2028,1.0727,1.1391,12041640.6,17842,1.1391,1.1391
2025-07-25 05:08:26,1.1379,1.1688,1.0919,1.1655,8685223.7,11091,1.1655,1.1655
2025-07-26 05:08:26,1.1653,1.1823,1.1539,1.1599,3092905.7,7532,1.1599,1.1599
2025-07-27 05:08:26,1.1605,1.2264,1.156,1.2174,7533619.8,9717,1.2174,1.2174
2025-07-28 05:08:26,1.2174,1.2387,1.1093,1.118,9737008.5,12660,1.118,1.118
2025-07-29 05:08:26,1.1171,1.1381,1.0513,1.082,7587367.3,14380,1.082,1.082
2025-07-30 05:08:26,1.0817,1.0855,1.0073,1.0643,8437279.9,12994,1.0643,1.0643
2025-07-31 05:08:26,1.0642,1.0937,0.99808,1.0053,9797720.2,15071,1.0053,1.0053
2025-08-01 05:08:26,1.0049,1.0066,0.93287,0.96459,22913264.8,21939,0.96459,0.96459
2025-08-02 05:08:26,0.96387,0.9769,0.91027,0.93544,6600124.6,8110,0.93544,0.93544
2025-08-03 05:08:26,0.93523,0.98076,0.92549,0.97374,3979671.5,5172,0.97374,0.97374
2025-08-04 05:08:26,0.97412,1.0161,0.97299,0.9991,9337349.5,10667,0.9991,0.9991
2025-08-05 05:08:26,0.99948,0.99978,0.92351,0.94531,5802952.4,8077,0.94531,0.94531
2025-08-06 05:08:26,0.94532,0.97145,0.91993,0.96641,5930069.2,7263,0.96641,0.96641
2025-08-07 05:08:26,0.96643,1.0269,0.95755,1.0254,9903757.3,12254,1.0254,1.0254
2025-08-08 05:08:26,1.0263,1.045,1.0002,1.0347,12315468.0,13434,1.0347,1.0347
2025-08-09 05:08:26,1.0351,1.109,1.0314,1.0784,34093118.3,28836,1.0784,1.0784
2025-08-10 05:08:26,1.0784,1.107,1.0274,1.0814,24593325.9,27280,1.0814,1.0814
2025-08-11 05:08:26,1.0816,1.1106,0.97855,0.98984,9258480.3,11767,0.98984,0.98984
2025-08-12 05:08:26,0.98926,1.0785,0.96596,1.0592,8154400.3,10305,1.0592,1.0592
2025-08-13 05:08:26,1.0602,1.142,1.0429,1.1194,11930093.6,16416,1.1194,1.1194
2025-08-14 05:08:26,1.1201,1.1372,0.94286,0.99761,22277310.6,20310,0.99761,0.99761
2025-08-15 05:08:26,0.99781,1.0211,0.95309,0.98659,7287166.8,11509,0.98659,0.98659
2025-08-16 05:08:26,0.98655,1.0083,0.97206,1.0031,2498656.1,6650,1.0031,1.0031
2025-08-17 05:08:26,1.0035,1.0361,0.99191,0.99993,1877083.7,4498,0.99993,0.99993
2025-08-18 05:08:26,0.99984,1.0014,0.94166,0.95195,8625376.3,13712,0.95195,0.95195
2025-08-19 05:08:26,0.95216,0.9649,0.89582,0.89961,8412782.6,13912,0.89961,0.89961
2025-08-20 05:08:26,0.90006,0.96499,0.89421,0.9604,6374596.3,9007,0.9604,0.9604
2025-08-21 05:08:26,0.96041,0.96659,0.92158,0.93307,4323851.7,6147,0.93307,0.93307
2025-08-22 05:08:26,0.93308,1.0312,0.89437,1.0269,9893402.7,11558,1.0269,1.0269
2025-08-23 05:08:26,1.0268,1.0298,0.98673,1.0109,4399157.3,5598,1.0109,1.0109
2025-08-24 05:08:26,1.0108,1.0296,0.95436,0.97182,14162061.4,14745,0.97182,0.97182
2025-08-25 05:08:26,0.97187,0.98447,0.86395,0.88174,11710467.0,14476,0.88174,0.88174
2025-08-26 05:08:26,0.8816,0.955,0.87993,0.95204,6271120.2,10303,0.95204,0.95204
2025-08-27 05:08:26,0.95249,0.96617,0.92969,0.93143,4212391.4,7425,0.93143,0.93143
2025-08-28 05:08:26,0.93189,0.96446,0.92326,0.96031,6578299.9,7485,0.96031,0.96031
2025-08-29 05:08:26,0.96043,0.96157,0.89159,0.90449,4152125.8,7855,0.90449,0.90449
2025-08-30 05:08:26,0.90431,0.92203,0.88721,0.90416,979247.9,3547,0.90416,0.90416
2025-08-31 05:08:26,0.90383,0.91714,0.88105,0.88188,1504126.3,4030,0.88188,0.88188
2025-09-01 05:08:26,0.88174,0.90656,0.83134,0.85451,4636382.8,7538,0.85451,0.85451
2025-09-02 05:08:26,0.85513,0.89061,0.85129,0.88797,3825707.2,5709,0.88797,0.88797
2025-09-03 05:08:26,0.88869,0.90874,0.87638,0.89828,2157052.8,4229,0.89828,0.89828
2025-09-04 05:08:26,0.8983,0.90329,0.86165,0.86602,8418938.1,14296,0.86602,0.86602
2025-09-05 05:08:26,0.86602,0.92778,0.86534,0.91645,24743349.3,21926,0.91645,0.91645
2025-09-06 05:08:26,0.91618,0.97097,0.90127,0.96402,8565925.4,11444,0.96402,0.96402
2025-09-07 05:08:26,0.96404,1.0776,0.95446,1.0333,25708629.0,26140,1.0333,1.0333
2025-09-08 05:08:26,1.0331,1.5931,1.0319,1.5701,150656001.0,141470,1.5701,1.5701
2025-09-09 05:08:26,1.5704,2.2128,1.5673,1.9266,224213984.6,230675,1.9266,1.9266
2025-09-10 05:08:26,1.9272,2.0749,1.762,1.868,109999231.8,134051,1.868,1.868
2025-09-11 05:08:26,1.868,1.8836,1.5885,1.655,54298465.2,74163,1.655,1.655
2025-09-12 05:08:26,1.654,1.7604,1.5522,1.6667,36352783.7,47156,1.6667,1.6667
2025-09-13 05:08:26,1.6667,1.7325,1.5874,1.6607,22985216.5,32636,1.6607,1.6607
2025-09-14 05:08:26,1.659,1.7445,1.5652,1.5767,25569099.6,38588,1.5767,1.5767
2025-09-15 05:08:26,1.577,1.6152,1.4645,1.5126,22398795.5,32074,1.5126,1.5126
2025-09-16 05:08:26,1.5127,1.6102,1.49,1.5139,17578247.2,25967,1.5139,1.5139
2025-09-17 05:08:26,1.5141,1.6136,1.4765,1.6023,20079929.4,29522,1.6023,1.6023
2025-09-18 05:08:26,1.602,1.7,1.5595,1.6061,23569752.4,29352,1.6061,1.6061
2025-09-19 05:08:26,1.6059,1.617,1.4946,1.51,13609005.0,25651,1.51,1.51
2025-09-20 05:08:26,1.5095,1.5355,1.4806,1.5033,9053334.1,17093,1.5033,1.5033
2025-09-21 05:08:26,1.5029,1.5277,1.4205,1.465,5754931.2,10519,1.465,1.465
2025-09-22 05:08:26,1.4649,1.4761,1.2712,1.3933,30351560.2,44884,1.3933,1.3933
2025-09-23 05:08:26,1.3919,1.3972,1.2885,1.3054,11066400.1,19198,1.3054,1.3054
2025-09-24 05:08:26,1.3057,1.3623,1.2534,1.3541,14629518.1,22985,1.3541,1.3541
2025-09-25 05:08:26,1.3545,1.3554,1.2254,1.2628,10903961.2,17183,1.2628,1.2628
2025-09-26 05:08:26,1.2632,1.293,1.2184,1.2856,7229832.0,12266,1.2856,1.2856
2025-09-27 05:08:26,1.2858,1.3837,1.2647,1.2751,6017490.6,12892,1.2751,1.2751
2025-09-28 05:08:26,1.2747,1.3479,1.2381,1.331,7339172.6,11545,1.331,1.331
2025-09-29 05:08:26,1.331,1.3419,1.2533,1.2801,7348717.2,14385,1.2801,1.2801
2025-09-30 05:08:26,1.28,1.2896,1.1988,1.2451,5999241.0,10597,1.2451,1.2451
2025-10-01 05:08:26,1.2458,1.3337,1.2335,1.3181,6838841.2,10500,1.3181,1.3181
2025-10-02 05:08:26,1.3188,1.369,1.2948,1.3565,7780096.5,10929,1.3565,1.3565
2025-10-03 05:08:26,1.3564,1.404,1.3141,1.3403,7366449.3,11265,1.3403,1.3403
2025-10-04 05:08:26,1.3404,1.3428,1.2501,1.2717,2766265.1,7329,1.2717,1.2717
2025-10-05 05:08:26,1.2713,1.3258,1.2517,1.2557,5224172.6,10186,1.2557,1.2557
2025-10-06 05:08:26,1.2557,1.3287,1.2449,1.3091,10021413.5,16093,1.3091,1.3091
2025-10-07 05:08:26,1.3083,1.3381,1.1856,1.1936,11069173.3,16712,1.1936,1.1936
2025-10-08 05:08:26,1.1935,1.2886,1.1683,1.281,4629510.9,10085,1.281,1.281
2025-10-09 05:08:26,1.281,1.2814,1.1772,1.1993,6140562.8,15831,1.1993,1.1993
2025-10-10 05:08:26,1.1992,1.309,0.25801,0.86935,64199873.5,57490,0.86935,0.86935
2025-10-11 05:08:26,0.86935,0.99373,0.85717,0.91595,26239430.4,28066,0.91595,0.91595
2025-10-12 05:08:26,0.91631,1.0488,0.89108,1.0,11391235.3,14888,1.0,1.0
2025-10-13 05:08:26,0.99991,1.0222,0.96369,1.0089,11904445.4,13824,1.0089,1.0089
2025-10-14 05:08:26,1.0089,1.016,0.90221,0.95759,10853984.3,12523,0.95759,0.95759
2025-10-15 05:08:26,0.95764,0.98139,0.91325,0.93149,5267820.1,7930,0.93149,0.93149
2025-10-16 05:08:26,0.93207,0.95854,0.88475,0.898,7713747.2,9735,0.898,0.898
2025-10-17 05:08:26,0.89789,0.90796,0.82131,0.87187,6286872.4,9837,0.87187,0.87187
2025-10-18 05:08:26,0.87156,0.89969,0.8693,0.88557,5251760.3,7479,0.88557,0.88557
2025-10-19 05:08:26,0.88574,0.93146,0.86982,0.91231,3681088.5,10126,0.91231,0.91231
2025-10-20 05:08:26,0.91142,0.94133,0.89103,0.91735,3089181.1,4833,0.91735,0.91735
2025-10-21 05:08:26,0.91682,0.96689,0.8787,0.88666,7212112.2,7765,0.88666,0.88666
2025-10-22 05:08:26,0.8868,0.89575,0.81297,0.84324,4751642.0,7063,0.84324,0.84324
2025-10-23 05:08:26,0.84361,0.86943,0.83977,0.86303,3400714.6,5158,0.86303,0.86303
2025-10-24 05:08:26,0.86304,0.9108,0.85266,0.8952,4174981.4,5563,0.8952,0.8952
2025-10-25 05:08:26,0.89484,0.90186,0.87144,0.89446,4333121.9,6161,0.89446,0.89446
2025-10-26 05:08:26,0.89428,0.96216,0.87876,0.94911,12364658.9,10238,0.94911,0.94911
2025-10-27 05:08:26,0.94896,0.95873,0.89782,0.90398,2837053.5,4989,0.90398,0.90398
2025-10-28 05:08:26,0.904,0.92398,0.8531,0.86882,4233207.2,5756,0.86882,0.86882
2025-10-29 05:08:26,0.86852,0.89632,0.83894,0.861,5517227.8,7788,0.861,0.861
2025-10-30 05:08:26,0.8608,0.87131,0.76634,0.79674,5509886.4,8698,0.79674,0.79674
2025-10-31 05:08:26,0.79703,0.81731,0.77956,0.79912,3814797.0,5954,0.79912,0.79912
2025-11-01 05:08:26,0.79894,0.89698,0.79276,0.87288,12817098.1,10767,0.87288,0.87288
2025-11-02 05:08:26,0.87272,0.87335,0.82051,0.84165,2936028.9,4704,0.84165,0.84165
2025-11-03 06:08:26,0.84143,0.84409,0.70188,0.72705,15427021.1,12138,0.72705,0.72705
2025-11-04 06:08:26,0.72765,0.73843,0.65433,0.70343,19065060.6,17803,0.70343,0.70343
2025-11-05 06:08:26,0.70323,0.74374,0.66768,0.73808,7079521.9,11731,0.73808,0.73808
2025-11-06 06:08:26,0.73786,0.73795,0.6878,0.70408,3426309.0,5759,0.70408,0.70408
2025-11-07 06:08:26,0.70404,0.87159,0.70336,0.8345,13865247.5,10673,0.8345,0.8345
2025-11-08 06:08:26,0.83411,0.85166,0.79313,0.81607,6712793.6,6744,0.81607,0.81607
2025-11-09 06:08:26,0.81629,0.82654,0.77883,0.81665,6866425.2,6057,0.81665,0.81665
2025-11-10 06:08:26,0.81696,0.84684,0.80975,0.83007,3510575.3,4362,0.83007,0.83007
2025-11-11 06:08:26,0.83106,0.8463,0.767,0.77003,4371135.1,5025,0.77003,0.77003
2025-11-12 06:08:26,0.77078,0.81474,0.74476,0.76115,3789619.6,7107,0.76115,0.76115
2025-11-13 06:08:26,0.76101,0.80889,0.71868,0.7438,5268882.5,10705,0.7438,0.7438
2025-11-14 06:08:26,0.74359,0.74803,0.68913,0.70366,7270441.4,8478,0.70366,0.70366
2025-11-15 06:08:26,0.70449,0.727,0.6899,0.69879,1814458.5,3547,0.69879,0.69879
2025-11-16 06:08:26,0.6991,0.7049,0.65283,0.67312,3008726.7,4231,0.67312,0.67312
2025-11-17 06:08:26,0.67319,0.69514,0.63663,0.65162,4356954.4,6131,0.65162,0.65162
2025-11-18 06:08:26,0.65154,0.69564,0.64127,0.68719,5544929.5,8178,0.68719,0.68719
2025-11-19 06:08:26,0.68684,0.68943,0.63348,0.66724,3918756.3,6138,0.66724,0.66724
2025-11-20 06:08:26,0.6671,0.71408,0.63492,0.6544,6696229.7,8870,0.6544,0.6544
2025-11-21 06:08:26,0.65425,0.66568,0.56517,0.59303,9325477.8,10372,0.59303,0.59303
2025-11-22 06:08:26,0.59331,0.61126,0.58387,0.60482,3538406.6,5588,0.60482,0.60482
2025-11-23 06:08:26,0.60492,0.62569,0.60042,0.60884,2336118.1,5944,0.60884,0.60884
2025-11-24 06:08:26,0.60898,0.64562,0.59541,0.63701,3449842.5,6128,0.63701,0.63701
2025-11-25 06:08:26,0.63702,0.64436,0.61331,0.64058,3055515.4,4723,0.64058,0.64058
2025-11-26 06:08:26,0.64054,0.65919,0.61753,0.65601,1770547.3,4217,0.65601,0.65601
2025-11-27 06:08:26,0.65633,0.6691,0.64412,0.65291,1867882.2,3830,0.65291,0.65291
2025-11-28 06:08:26,0.65294,0.6658,0.63378,0.64835,2590905.3,4236,0.64835,0.64835
2025-11-29 06:08:26,0.64818,0.65736,0.62812,0.63061,1665741.3,3613,0.63061,0.63061
2025-11-30 06:08:26,0.6304,0.64353,0.61816,0.61816,1487172.0,3268,0.61816,0.61816
2025-12-01 06:08:26,0.61894,0.62081,0.55656,0.57411,5657778.1,6411,0.57411,0.57411
2025-12-02 06:08:26,0.57414,0.66445,0.5664,0.62784,4203213.8,5653,0.62784,0.62784
2025-12-03 06:08:26,0.62827,0.64277,0.61666,0.63457,5534314.3,4947,0.63457,0.63457
2025-12-04 06:08:26,0.635,0.64352,0.61576,0.61938,2533766.3,4231,0.61938,0.61938
2025-12-05 06:08:26,0.6193,0.62445,0.56368,0.57307,3122793.5,4266,0.57307,0.57307
2025-12-06 06:08:26,0.57359,0.58429,0.5704,0.5769,2140564.1,4008,0.5769,0.5769
2025-12-07 06:08:26,0.57771,0.59423,0.553,0.5654,2912004.8,5118,0.5654,0.5654
2025-12-08 06:08:26,0.5654,0.61722,0.56276,0.61355,7074219.9,6202,0.61355,0.61355
2025-12-09 06:08:26,0.61399,0.64702,0.58757,0.64391,14681008.2,8951,0.64391,0.64391
2025-12-10 06:08:26,0.6435,0.65236,0.61442,0.61574,6036183.7,5848,0.61574,0.61574
2025-12-11 06:08:26,0.616,0.61706,0.57882,0.59587,7931007.2,6721,0.59587,0.59587
2025-12-12 06:08:26,0.59622,0.60939,0.56285,0.57932,5653740.5,6894,0.57932,0.57932
2025-12-13 06:08:26,0.58034,0.6,0.57806,0.59387,2403459.0,4314,0.59387,0.59387
2025-12-14 06:08:26,0.59387,0.59437,0.55466,0.56197,4688489.3,6381,0.56197,0.56197
2025-12-15 06:08:26,0.56193,0.58436,0.52282,0.53899,5702218.1,8643,0.53899,0.53899
2025-12-16 06:08:26,0.53915,0.54167,0.518,0.52743,4134009.8,6118,0.52743,0.52743
2025-12-17 06:08:26,0.52765,0.54513,0.49316,0.49696,5746068.2,7094,0.49696,0.49696
2025-12-18 06:08:26,0.49699,0.52559,0.47235,0.47908,4851230.9,6805,0.47908,0.47908
2025-12-19 06:08:26,0.47899,0.52901,0.47523,0.52225,6550869.2,4777,0.52225,0.52225
2025-12-20 06:08:26,0.52221,0.52482,0.51326,0.52296,2536706.0,3269,0.52296,0.52296
2025-12-21 06:08:26,0.52283,0.52564,0.49619,0.51083,9882488.4,5646,0.51083,0.51083
2025-12-22 06:08:26,0.51102,0.52368,0.49639,0.50382,2979394.2,4713,0.50382,0.50382
2025-12-23 06:08:26,0.50382,0.51038,0.48412,0.49245,2147564.0,4046,0.49245,0.49245
2025-12-24 06:08:26,0.49269,0.49537,0.47753,0.4884,2444758.6,3575,0.4884,0.4884
2025-12-25 06:08:26,0.48858,0.50434,0.47715,0.47959,3448006.1,4412,0.47959,0.47959
2025-12-26 06:08:26,0.47963,0.5036,0.47784,0.49211,4124163.1,5143,0.49211,0.49211
2025-12-27 06:08:26,0.49213,0.51494,0.48847,0.5141,1914919.7,3323,0.5141,0.5141
2025-12-28 06:08:26,0.51391,0.51535,0.49901,0.50456,1968026.8,3651,0.50456,0.50456
2025-12-29 06:08:26,0.50499,0.52048,0.49071,0.49361,6251383.7,6138,0.49361,0.49361
2025-12-30 06:08:26,0.4934,0.50068,0.4872,0.49121,2299588.8,3706,0.49121,0.49121
2025-12-31 06:08:26,0.49121,0.49621,0.46981,0.48074,5797537.6,5275,0.48074,0.48074
2026-01-01 06:08:26,0.48109,0.52482,0.47764,0.52128,2537308.9,4893,0.52128,0.52128
2026-01-02 06:08:26,0.52136,0.55783,0.51595,0.55587,6767513.5,8062,0.55587,0.55587
2026-01-03 06:08:26,0.55587,0.5995,0.55369,0.58429,4667888.8,6594,0.58429,0.58429
2026-01-04 06:08:26,0.58481,0.60966,0.57849,0.60101,3720759.5,5480,0.60101,0.60101
2026-01-05 06:08:26,0.60125,0.66191,0.58632,0.63707,5929374.8,7270,0.63707,0.63707
2026-01-06 06:08:26,0.63707,0.65046,0.60772,0.63586,4474476.4,6061,0.63586,0.63586
2026-01-07 06:08:26,0.63619,0.63692,0.58931,0.59376,9054251.5,7704,0.59376,0.59376
2026-01-08 06:08:26,0.59407,0.60012,0.56598,0.5828,5328641.6,5837,0.5828,0.5828
2026-01-09 06:08:26,0.58267,0.5998,0.57321,0.57877,3002092.1,5299,0.57877,0.57877
2026-01-10 06:08:26,0.57908,0.58838,0.56822,0.57187,1113858.6,3898,0.57187,0.57187
2026-01-11 06:08:26,0.57198,0.585,0.55738,0.56821,1257808.0,3960,0.56821,0.56821
2026-01-12 06:08:26,0.56847,0.59012,0.5531,0.55587,4924067.0,8223,0.55587,0.55587
2026-01-13 06:08:26,0.55579,0.62791,0.55539,0.6173,2884849.5,7551,0.6173,0.6173
2026-01-14 06:08:26,0.61755,0.62185,0.59362,0.59965,5528283.1,6491,0.59965,0.59965
2026-01-15 06:08:26,0.59958,0.60202,0.55357,0.56321,7004422.0,5480,0.56321,0.56321
2026-01-16 06:08:26,0.56315,0.5703,0.5383,0.55497,4985373.5,5698,0.55497,0.55497
2026-01-17 06:08:26,0.55516,0.56599,0.54661,0.54984,901070.9,3157,0.54984,0.54984
2026-01-18 06:08:26,0.55001,0.55319,0.51299,0.51423,2399614.7,3937,0.51423,0.51423
2026-01-19 06:08:26,0.51433,0.51433,0.45318,0.5055,6904646.4,5987,0.5055,0.5055
2026-01-20 06:08:26,0.50546,0.5055,0.461,0.46632,4517114.2,4433,0.46632,0.46632
2026-01-21 06:08:26,0.46635,0.48931,0.46193,0.47551,4685524.6,6564,0.47551,0.47551
2026-01-22 06:08:26,0.47572,0.48629,0.46551,0.47164,2408511.1,4814,0.47164,0.47164
2026-01-23 06:08:26,0.4719,0.48636,0.45684,0.46811,2096915.7,4519,0.46811,0.46811
2026-01-24 06:08:26,0.46882,0.47739,0.46576,0.471,772555.5,3008,0.471,0.471
2026-01-25 06:08:26,0.47098,0.47342,0.43248,0.44249,2155329.8,3711,0.44249,0.44249
2026-01-26 06:08:26,0.44252,0.47,0.44158,0.45908,1352702.6,3544,0.45908,0.45908
2026-01-27 06:08:26,0.45922,0.46894,0.44791,0.46501,4876170.6,5505,0.46501,0.46501
2026-01-28 06:08:26,0.46489,0.65543,0.45419,0.58304,90164044.6,35065,0.58304,0.58304
2026-01-29 06:08:26,0.58434,0.59444,0.46702,0.47697,72777189.3,44241,0.47697,0.47697
2026-01-30 06:08:26,0.47712,0.48187,0.44125,0.46944,15815857.0,14279,0.46944,0.46944
2026-01-31 06:08:26,0.46939,0.47026,0.36459,0.41324,14604336.9,11387,0.41324,0.41324
2026-02-01 06:08:26,0.41324,0.41774,0.38266,0.39136,4945851.6,6898,0.39136,0.39136
2026-02-02 06:08:26,0.39177,0.413,0.38497,0.41041,9758853.3,7519,0.41041,0.41041
2026-02-03 06:08:26,0.41054,0.42719,0.3958,0.40848,17187027.3,11635,0.40848,0.40848
2026-02-04 06:08:26,0.40894,0.41874,0.39568,0.40763,8986570.0,6965,0.40763,0.40763
2026-02-05 06:08:26,0.40805,0.41326,0.34245,0.34569,17185096.3,15507,0.34569,0.34569
2026-02-06 06:08:26,0.34574,0.41421,0.30775,0.40528,18872149.2,15317,0.40528,0.40528
2026-02-07 06:08:26,0.4053,0.42385,0.38899,0.39695,14008832.5,9210,0.39695,0.39695
2026-02-08 06:08:26,0.39706,0.40495,0.3853,0.38835,12358938.2,8060,0.38835,0.38835
2026-02-09 06:08:26,0.3887,0.39445,0.37391,0.38782,4038984.5,6840,0.38782,0.38782
2026-02-10 06:08:26,0.38811,0.39429,0.37363,0.37881,2871609.3,4479,0.37881,0.37881
2026-02-11 06:08:26,0.379,0.38237,0.36019,0.3677,3766680.4,4889,0.3677,0.3677
2026-02-12 06:08:26,0.36768,0.39519,0.36768,0.38166,8052119.0,5881,0.38166,0.38166
2026-02-13 06:08:26,0.38127,0.39871,0.37667,0.39563,5171992.5,5841,0.39563,0.39563
2026-02-14 06:08:26,0.39546,0.43711,0.39545,0.42709,3443969.9,5801,0.42709,0.42709
2026-02-15 06:08:26,0.42713,0.432,0.39886,0.40414,2046157.3,4549,0.40414,0.40414
2026-02-16 06:08:26,0.4041,0.40927,0.39415,0.40374,2671751.9,5763,0.40374,0.40374
2026-02-17 06:08:26,0.40377,0.40626,0.38579,0.39684,1910509.1,3806,0.39684,0.39684
