Date,Price,Adj Close,Close,High,Low,Open,Volume
2023-07-24 05:01:09,2.1657,2.1657,2.1657,2.5876,2.0005,2.5691,565923.1
2023-07-25 05:01:09,2.26,2.26,2.26,2.4486,1.9003,2.1575,848046.6
2023-07-26 05:01:09,2.2503,2.2503,2.2503,2.5593,2.1474,2.2469,612882.0
2023-07-27 05:01:09,2.0964,2.0964,2.0964,2.3138,2.0811,2.2503,676762.4
2023-07-28 05:01:09,2.2197,2.2197,2.2197,2.2324,2.0563,2.0637,630914.6
2023-07-29 05:01:09,2.3459,2.3459,2.3459,2.3774,2.1739,2.2151,572839.5
2023-07-30 05:01:09,2.2896,2.2896,2.2896,2.4768,2.2222,2.3411,665330.4
2023-07-31 05:01:09,2.3164,2.3164,2.3164,2.3712,2.2473,2.2875,578571.5
2023-08-01 05:01:09,2.4263,2.4263,2.4263,2.4458,2.2021,2.3219,487904.3
2023-08-02 05:01:09,2.3599,2.3599,2.3599,2.5236,2.3121,2.4346,548656.0
2023-08-03 05:01:09,2.3239,2.3239,2.3239,2.3719,2.2603,2.3568,515575.9
2023-08-04 05:01:09,2.1727,2.1727,2.1727,2.3392,2.1485,2.3236,303413.5
2023-08-05 05:01:09,2.1312,2.1312,2.1312,2.1823,2.098,2.1758,251126.6
2023-08-06 05:01:09,2.0377,2.0377,2.0377,2.1647,2.0137,2.1302,225586.9
2023-08-07 05:01:09,2.0402,2.0402,2.0402,2.1071,2.0186,2.0418,267223.7
2023-08-08 05:01:09,1.9396,1.9396,1.9396,2.0491,1.91,2.0412,319824.3
2023-08-09 05:01:09,1.8331,1.8331,1.8331,1.9626,1.808,1.9419,480813.1
2023-08-10 05:01:09,1.6795,1.6795,1.6795,1.8535,1.6716,1.8333,595536.0
2023-08-11 05:01:09,1.7433,1.7433,1.7433,1.7686,1.657,1.6795,687551.1
2023-08-12 05:01:09,1.7558,1.7558,1.7558,1.8175,1.7227,1.7391,468331.5
2023-08-13 05:01:09,1.7679,1.7679,1.7679,1.8385,1.7602,1.7602,432868.8
2023-08-14 05:01:09,1.7668,1.7668,1.7668,1.8151,1.7448,1.7672,284208.8
2023-08-15 05:01:09,1.6197,1.6197,1.6197,1.7918,1.5815,1.7697,428345.1
2023-08-16 05:01:09,1.5225,1.5225,1.5225,1.6316,1.481,1.619,917372.7
2023-08-17 05:01:09,1.3675,1.3675,1.3675,1.5426,1.1909,1.5217,943995.5
2023-08-18 05:01:09,1.5413,1.5413,1.5413,1.5779,1.3226,1.364,1120352.8
2023-08-19 05:01:09,1.479,1.479,1.479,1.5408,1.4479,1.5408,700761.6
2023-08-20 05:01:09,1.4676,1.4676,1.4676,1.5396,1.46,1.4783,596445.7
2023-08-21 05:01:09,1.4748,1.4748,1.4748,1.5275,1.4267,1.4681,499459.6
2023-08-22 05:01:09,1.4316,1.4316,1.4316,1.4971,1.3795,1.4744,405625.6
2023-08-23 05:01:09,1.4063,1.4063,1.4063,1.444,1.3364,1.4373,469548.3
2023-08-24 05:01:09,1.3985,1.3985,1.3985,1.4696,1.3738,1.4101,338277.1
2023-08-25 05:01:09,1.2677,1.2677,1.2677,1.3993,1.2453,1.3993,585028.9
2023-08-26 05:01:09,1.2927,1.2927,1.2927,1.3235,1.2327,1.265,316383.2
2023-08-27 05:01:09,1.3107,1.3107,1.3107,1.312,1.2683,1.2922,170368.4
2023-08-28 05:01:09,1.2079,1.2079,1.2079,1.3225,1.1998,1.3117,296033.2
2023-08-29 05:01:09,1.2976,1.2976,1.2976,1.3852,1.1157,1.2063,351573.5
2023-08-30 05:01:09,1.2225,1.2225,1.2225,1.3271,1.2031,1.3043,587141.7
2023-08-31 05:01:09,1.1348,1.1348,1.1348,1.2583,1.1283,1.2223,473043.8
2023-09-01 05:01:09,1.1243,1.1243,1.1243,1.1439,1.0962,1.1389,468776.6
2023-09-02 05:01:09,1.1336,1.1336,1.1336,1.2077,1.1049,1.1234,585160.3
2023-09-03 05:01:09,1.1298,1.1298,1.1298,1.151,1.101,1.1341,249431.1
2023-09-04 05:01:09,1.0474,1.0474,1.0474,1.1632,1.0348,1.1244,335842.6
2023-09-05 05:01:09,1.0703,1.0703,1.0703,1.0959,1.0192,1.0408,849785.2
2023-09-06 05:01:09,1.2837,1.2837,1.2837,1.3217,1.051,1.0711,897717.0
2023-09-07 05:01:09,1.2282,1.2282,1.2282,1.3804,1.1972,1.2857,1820847.8999999999
2023-09-08 05:01:09,1.1355,1.1355,1.1355,1.2522,1.1114,1.2283,584321.4
2023-09-09 05:01:09,1.168,1.168,1.168,1.1795,1.1198,1.135,585068.5
2023-09-10 05:01:09,1.0915,1.0915,1.0915,1.1802,1.061,1.1664,554623.1
2023-09-11 05:01:09,1.0089,1.0089,1.0089,1.1065,0.99997,1.0906,1184905.3999999999
2023-09-12 05:01:09,1.0093,1.0093,1.0093,1.058,0.97108,1.0093,907511.7
2023-09-13 05:01:09,1.0135,1.0135,1.0135,1.0387,0.97236,1.0088,924256.8
2023-09-14 05:01:09,1.066,1.066,1.066,1.1163,0.99599,1.0149,1251701.0
2023-09-15 05:01:09,1.3259,1.3259,1.3259,1.3722,1.0488,1.0671,2494606.8999999999
2023-09-16 05:01:09,1.5045,1.5045,1.5045,1.6876,1.3127,1.325,2222980.2000000002
2023-09-17 05:01:09,1.2613,1.2613,1.2613,1.5037,1.2226,1.496,1776558.0
2023-09-18 05:01:09,1.3516,1.3516,1.3516,1.4903,1.2338,1.2612,1395218.1000000001
2023-09-19 05:01:09,1.3747,1.3747,1.3747,1.4235,1.3199,1.3483,342155.9
2023-09-20 05:01:09,1.5581,1.5581,1.5581,1.5733,1.3535,1.3736,547013.7
2023-09-21 05:01:09,1.5128,1.5128,1.5128,1.63,1.378,1.5576,1359497.1000000001
2023-09-22 05:01:09,1.6018,1.6018,1.6018,1.6265,1.455,1.5139,469267.6
2023-09-23 05:01:09,1.5075,1.5075,1.5075,1.68,1.4907,1.6047,213394.5
2023-09-24 05:01:09,1.6178,1.6178,1.6178,1.6609,1.4942,1.5033,200839.2
2023-09-25 05:01:09,1.7179,1.7179,1.7179,1.7564,1.5705,1.6234,400993.8
2023-09-26 05:01:09,1.6906,1.6906,1.6906,1.8008,1.634,1.7187,410240.1
2023-09-27 05:01:09,1.7979,1.7979,1.7979,1.8307,1.6742,1.6909,323642.7
2023-09-28 05:01:09,1.7914,1.7914,1.7914,1.8914,1.7756,1.795,386665.6
2023-09-29 05:01:09,1.7283,1.7283,1.7283,1.8481,1.689,1.7901,343501.5
2023-09-30 05:01:09,1.667,1.667,1.667,1.8106,1.6542,1.7283,194546.8
2023-10-01 05:01:09,1.7753,1.7753,1.7753,1.7971,1.6644,1.672,217860.6
2023-10-02 05:01:09,1.6387,1.6387,1.6387,1.7973,1.6144,1.7799,276827.6
2023-10-03 05:01:09,1.5299,1.5299,1.5299,1.6735,1.5208,1.6401,219024.2
2023-10-04 05:01:09,1.5412,1.5412,1.5412,1.558,1.453,1.5347,311708.6
2023-10-05 05:01:09,1.5062,1.5062,1.5062,1.5851,1.4901,1.5413,270004.1
2023-10-06 05:01:09,1.6514,1.6514,1.6514,1.6846,1.5045,1.5086,494977.0
2023-10-07 05:01:09,1.6,1.6,1.6,1.6778,1.5852,1.6552,96078.2
2023-10-08 05:01:09,1.5824,1.5824,1.5824,1.6325,1.5666,1.6032,239840.1
2023-10-09 05:01:09,1.5483,1.5483,1.5483,1.6003,1.4963,1.5829,182874.3
2023-10-10 05:01:09,1.5484,1.5484,1.5484,1.567,1.5089,1.5496,90747.4
2023-10-11 05:01:09,1.6306,1.6306,1.6306,1.6481,1.5296,1.5512,231708.8
2023-10-12 05:01:09,1.4615,1.4615,1.4615,1.6362,1.4484,1.6292,179315.5
2023-10-13 05:01:09,1.4847,1.4847,1.4847,1.5048,1.4273,1.4622,242921.3
2023-10-14 05:01:09,1.4955,1.4955,1.4955,1.5165,1.4618,1.4856,162374.5
2023-10-15 05:01:09,1.529,1.529,1.529,1.5448,1.4741,1.4944,112803.1
2023-10-16 05:01:09,1.6073,1.6073,1.6073,1.6831,1.5089,1.5278,357058.2
2023-10-17 05:01:09,1.6242,1.6242,1.6242,1.668,1.5858,1.6099,590607.9
2023-10-18 05:01:09,1.4537,1.4537,1.4537,1.6401,1.4514,1.6234,316053.2
2023-10-19 05:01:09,1.4508,1.4508,1.4508,1.4926,1.4062,1.4534,336010.4
2023-10-20 05:01:09,1.5165,1.5165,1.5165,1.5689,1.4341,1.4526,195570.8
2023-10-21 05:01:09,1.6067,1.6067,1.6067,1.658,1.4983,1.5194,170613.9
2023-10-22 05:01:09,1.6332,1.6332,1.6332,1.7211,1.5697,1.6082,396633.6
2023-10-23 05:01:09,1.6547,1.6547,1.6547,1.6703,1.4851,1.6319,915650.9
2023-10-24 05:01:09,1.6776,1.6776,1.6776,1.8059,1.595,1.6523,1240569.2
2023-10-25 05:01:09,1.8064,1.8064,1.8064,1.8256,1.6572,1.6785,1362362.1000000001
2023-10-26 05:01:09,1.8564,1.8564,1.8564,1.9284,1.6846,1.8073,1691912.0
2023-10-27 05:01:09,1.8766,1.8766,1.8766,1.9515,1.7528,1.8493,1246131.2
2023-10-28 05:01:09,1.8379,1.8379,1.8379,1.9548,1.8147,1.8753,790905.2
2023-10-29 05:01:09,1.8,1.8,1.8,1.8695,1.7932,1.8378,372604.1
2023-10-30 05:01:09,1.8867,1.8867,1.8867,1.9379,1.8028,1.8028,299045.8
2023-10-31 05:01:09,2.0364,2.0364,2.0364,2.0525,1.8695,1.8876,377830.8
2023-11-01 05:01:09,1.887,1.887,1.887,2.0447,1.8403,2.031,488014.8
2023-11-02 05:01:09,1.7508,1.7508,1.7508,1.9236,1.7055,1.8915,396337.8
2023-11-03 05:01:09,1.8552,1.8552,1.8552,1.8705,1.7022,1.751,211300.8
2023-11-04 05:01:09,1.8687,1.8687,1.8687,1.9015,1.843,1.8547,154823.8
2023-11-05 05:01:09,1.8224,1.8224,1.8224,1.8922,1.795,1.8684,337374.0
2023-11-06 06:01:09,1.8229,1.8229,1.8229,1.8695,1.7804,1.8208,870161.6
2023-11-07 06:01:09,1.8437,1.8437,1.8437,1.8551,1.7387,1.8219,507590.6
2023-11-08 06:01:09,1.8336,1.8336,1.8336,1.8599,1.7918,1.8401,286014.3
2023-11-09 06:01:09,1.7606,1.7606,1.7606,1.9137,1.6003,1.8348,729907.2
2023-11-10 06:01:09,1.9647,1.9647,1.9647,1.9979,1.6863,1.7611,384567.3
2023-11-11 06:01:09,1.9421,1.9421,1.9421,2.0894,1.9021,1.9614,367298.6
2023-11-12 06:01:09,1.9514,1.9514,1.9514,1.9846,1.8537,1.9413,384068.6
2023-11-13 06:01:09,2.3135,2.3135,2.3135,2.585,1.8833,1.9474,550510.3
2023-11-14 06:01:09,2.3027,2.3027,2.3027,2.3384,2.1172,2.3061,526845.4
2023-11-15 06:01:09,2.3625,2.3625,2.3625,2.4538,2.2814,2.3177,617413.8
2023-11-16 06:01:09,2.1844,2.1844,2.1844,2.5288,2.1498,2.3612,645182.7
2023-11-17 06:01:09,1.9903,1.9903,1.9903,2.2574,1.8687,2.1824,1364650.5
2023-11-18 06:01:09,2.0603,2.0603,2.0603,2.1188,1.8182,1.9926,963080.9
2023-11-19 06:01:09,2.4167,2.4167,2.4167,2.578,2.004,2.0506,1545295.8999999999
2023-11-20 06:01:09,2.1983,2.1983,2.1983,2.7109,2.1715,2.4174,1159453.5
2023-11-21 06:01:09,2.2375,2.2375,2.2375,2.5,2.1824,2.2013,2001879.8
2023-11-22 06:01:09,2.5124,2.5124,2.5124,2.6,2.2351,2.2364,798850.5
2023-11-23 06:01:09,2.3765,2.3765,2.3765,2.5482,2.3174,2.5111,479096.4
2023-11-24 06:01:09,2.4755,2.4755,2.4755,2.5672,2.351,2.3765,512173.2
2023-11-25 06:01:09,2.7344,2.7344,2.7344,2.8758,2.4518,2.4796,808663.6
2023-11-26 06:01:09,2.6639,2.6639,2.6639,2.7596,2.5719,2.7339,664568.4
2023-11-27 06:01:09,2.5087,2.5087,2.5087,2.7781,2.4586,2.6582,545781.8
2023-11-28 06:01:09,2.5199,2.5199,2.5199,2.5753,2.401,2.5068,573509.6
2023-11-29 06:01:09,2.342,2.342,2.342,2.6376,2.3243,2.5205,380279.6
2023-11-30 06:01:09,2.4369,2.4369,2.4369,2.4512,2.3162,2.3415,514503.7
2023-12-01 06:01:09,2.4041,2.4041,2.4041,2.5228,2.3745,2.4377,250400.7
2023-12-02 06:01:09,2.5576,2.5576,2.5576,2.5991,2.3992,2.3992,304817.4
2023-12-03 06:01:09,2.4676,2.4676,2.4676,2.6109,2.4239,2.5573,503048.3
2023-12-04 06:01:09,2.4641,2.4641,2.4641,2.5785,2.355,2.4662,1039609.0
2023-12-05 06:01:09,2.4515,2.4515,2.4515,2.5385,2.3736,2.4622,700096.0
2023-12-06 06:01:09,2.4315,2.4315,2.4315,2.5463,2.4032,2.4564,912071.6
2023-12-07 06:01:09,2.5026,2.5026,2.5026,2.5219,2.3354,2.4411,1407567.8
2023-12-08 06:01:09,2.4905,2.4905,2.4905,2.5494,2.4322,2.5053,552326.0
2023-12-09 06:01:09,2.49,2.49,2.49,2.59,2.4459,2.4902,1018063.7
2023-12-10 06:01:09,2.6942,2.6942,2.6942,2.7574,2.4841,2.4893,884060.6
2023-12-11 06:01:09,2.4505,2.4505,2.4505,2.7032,2.3724,2.6953,2173502.0
2023-12-12 06:01:09,2.4216,2.4216,2.4216,2.4985,2.3565,2.4475,940768.9
2023-12-13 06:01:09,2.5249,2.5249,2.5249,2.6043,2.3107,2.4205,895119.2
2023-12-14 06:01:09,2.6211,2.6211,2.6211,2.6855,2.5039,2.5237,1037490.7
2023-12-15 06:01:09,2.4653,2.4653,2.4653,2.7256,2.4633,2.6204,1049794.2
2023-12-16 06:01:09,3.8245,3.8245,3.8245,4.55,2.4191,2.4669,4236061.2999999998
2023-12-17 06:01:09,4.21,4.21,4.21,4.7829,3.7242,3.8167,5510992.0
2023-12-18 06:01:09,3.9549,3.9549,3.9549,4.336,3.6484,4.1976,5034333.0999999996
2023-12-19 06:01:09,3.7309,3.7309,3.7309,4.3379,3.6911,3.9477,2862146.1000000001
2023-12-20 06:01:09,3.4966,3.4966,3.4966,3.8157,3.4203,3.7297,2241195.0
2023-12-21 06:01:09,3.5345,3.5345,3.5345,3.8689,3.4486,3.485,1019781.6
2023-12-22 06:01:09,3.6979,3.6979,3.6979,3.7714,3.4703,3.5326,859329.9
2023-12-23 06:01:09,3.4608,3.4608,3.4608,3.7358,3.34,3.6978,1057299.2
2023-12-24 06:01:09,3.367,3.367,3.367,3.5956,3.2682,3.4637,985101.7
2023-12-25 06:01:09,3.7706,3.7706,3.7706,3.7887,3.3681,3.3685,943010.1
2023-12-26 06:01:09,3.6926,3.6926,3.6926,4.0886,3.3564,3.7708,1694264.3
2023-12-27 06:01:09,3.631,3.631,3.631,3.755,3.4303,3.6881,779051.2
2023-12-28 06:01:09,3.5207,3.5207,3.5207,3.746,3.3713,3.6266,717411.1
2023-12-29 06:01:09,3.5137,3.5137,3.5137,3.6538,3.381,3.5194,982434.2
2023-12-30 06:01:09,3.6675,3.6675,3.6675,3.9949,3.4516,3.5135,1319689.2
2023-12-31 06:01:09,3.6336,3.6336,3.6336,3.8834,3.5172,3.6685,1260586.3
2024-01-01 06:01:09,3.6276,3.6276,3.6276,3.7758,3.489,3.6368,988037.6
2024-01-02 06:01:09,3.5781,3.5781,3.5781,3.9243,3.5162,3.6274,1535050.7
2024-01-03 06:01:09,3.0789,3.0789,3.0789,3.8664,2.4313,3.5767,3702820.7999999998
2024-01-04 06:01:09,3.2072,3.2072,3.2072,3.2527,2.9926,3.0783,1458346.3
2024-01-05 06:01:09,2.9805,2.9805,2.9805,3.2459,2.8652,3.207,1513462.6000000001
2024-01-06 06:01:09,2.7769,2.7769,2.7769,2.9829,2.64,2.9826,1700943.6000000001
2024-01-07 06:01:09,2.6335,2.6335,2.6335,2.8504,2.5946,2.7778,1858972.7
2024-01-08 06:01:09,2.8207,2.8207,2.8207,2.8793,2.4071,2.6329,2257518.6000000001
2024-01-09 06:01:09,2.5059,2.5059,2.5059,2.8358,2.3751,2.8195,1648068.7
2024-01-10 06:01:09,2.7514,2.7514,2.7514,2.8335,2.4027,2.505,2363157.1000000001
2024-01-11 06:01:09,2.777,2.777,2.777,2.9432,2.65,2.754,1884352.2
2024-01-12 06:01:09,2.8529,2.8529,2.8529,3.1843,2.6896,2.7774,2794386.7000000002
2024-01-13 06:01:09,2.8669,2.8669,2.8669,2.933,2.7019,2.8506,1969522.5
2024-01-14 06:01:09,2.6632,2.6632,2.6632,2.9217,2.6625,2.863,1982713.3999999999
2024-01-15 06:01:09,2.7681,2.7681,2.7681,2.8389,2.663,2.665,1815278.7
2024-01-16 06:01:09,2.7548,2.7548,2.7548,2.8597,2.6915,2.77,2012552.3
2024-01-17 06:01:09,2.7206,2.7206,2.7206,2.7769,2.674,2.756,1517188.3
2024-01-18 06:01:09,2.5715,2.5715,2.5715,2.7687,2.5292,2.7192,1272147.8
2024-01-19 06:01:09,2.5137,2.5137,2.5137,2.5851,2.3438,2.5715,2442291.7000000002
2024-01-20 06:01:09,2.4974,2.4974,2.4974,2.5508,2.4406,2.5139,871795.9
2024-01-21 06:01:09,2.5024,2.5024,2.5024,2.6716,2.4715,2.4981,817147.6
2024-01-22 06:01:09,2.261,2.261,2.261,2.5175,2.2495,2.5032,3394529.3999999999
2024-01-23 06:01:09,2.2456,2.2456,2.2456,2.3378,2.0737,2.262,1804045.5
2024-01-24 06:01:09,2.2925,2.2925,2.2925,2.2936,2.2046,2.2429,759491.0
2024-01-25 06:01:09,2.2436,2.2436,2.2436,2.3714,2.2137,2.2929,1814184.8
2024-01-26 06:01:09,2.3575,2.3575,2.3575,2.3875,2.2164,2.2413,1379321.3
2024-01-27 06:01:09,2.4215,2.4215,2.4215,2.4561,2.352,2.3593,622471.0
2024-01-28 06:01:09,2.281,2.281,2.281,2.4572,2.2643,2.4215,992961.3
2024-01-29 06:01:09,2.3806,2.3806,2.3806,2.4015,2.2684,2.281,851756.6
2024-01-30 06:01:09,2.4749,2.4749,2.4749,2.7594,2.35,2.3802,2178585.7999999998
2024-01-31 06:01:09,2.2953,2.2953,2.2953,2.534,2.2647,2.4767,2950268.0
2024-02-01 06:01:09,2.2784,2.2784,2.2784,2.3084,2.2275,2.296,1195196.2
2024-02-02 06:01:09,2.3577,2.3577,2.3577,2.3763,2.2744,2.2789,969259.9
2024-02-03 06:01:09,2.3123,2.3123,2.3123,2.4094,2.281,2.3566,734632.8
2024-02-04 06:01:09,2.1807,2.1807,2.1807,2.3124,2.1673,2.3124,1218295.5
2024-02-05 06:01:09,2.2221,2.2221,2.2221,2.2447,2.1523,2.1816,902458.5
2024-02-06 06:01:09,2.2183,2.2183,2.2183,2.2493,2.1774,2.2206,2001655.0
2024-02-07 06:01:09,2.3568,2.3568,2.3568,2.377,2.2018,2.219,550252.2
2024-02-08 06:01:09,2.3852,2.3852,2.3852,2.4275,2.3314,2.3589,579567.0
2024-02-09 06:01:09,2.492,2.492,2.492,2.5103,2.3851,2.386,930448.7
2024-02-10 06:01:09,2.4958,2.4958,2.4958,2.6127,2.4269,2.4923,5483437.7000000002
2024-02-11 06:01:09,2.4617,2.4617,2.4617,2.6411,2.2815,2.4955,744960.4
2024-02-12 06:01:09,2.6224,2.6224,2.6224,2.6488,2.4616,2.4622,1381488.6000000001
2024-02-13 06:01:09,2.779,2.779,2.779,2.8961,2.6,2.6214,1379455.1000000001
2024-02-14 06:01:09,3.1366,3.1366,3.1366,3.2402,2.6972,2.7743,1101823.6000000001
2024-02-15 06:01:09,3.4797,3.4797,3.4797,3.5044,3.0657,3.1407,1535802.3
2024-02-16 06:01:09,4.4744,4.4744,4.4744,4.626,3.365,3.471,6545175.9000000004
2024-02-17 06:01:09,4.6912,4.6912,4.6912,4.96,4.2927,4.4733,5802539.0999999996
2024-02-18 06:01:09,5.9018,5.9018,5.9018,6.4065,4.6824,4.6915,6416895.5
2024-02-19 06:01:09,7.6387,7.6387,7.6387,7.9843,5.8514,5.9033,8400899.5999999996
2024-02-20 06:01:09,6.708,6.708,6.708,7.7968,6.2144,7.6293,6653071.0
2024-02-21 06:01:09,7.1391,7.1391,7.1391,7.2115,6.0476,6.7039,6492445.5999999996
2024-02-22 06:01:09,8.1677,8.1677,8.1677,9.0192,7.0554,7.1405,7478705.0
2024-02-23 06:01:09,8.235,8.235,8.235,9.1874,7.8479,8.1686,6318324.9000000004
2024-02-24 06:01:09,8.1705,8.1705,8.1705,8.5085,7.6225,8.2223,4016078.6000000001
2024-02-25 06:01:09,8.5608,8.5608,8.5608,9.44,8.1311,8.1691,4242987.5999999996
2024-02-26 06:01:09,7.9978,7.9978,7.9978,9.2603,7.7138,8.5572,5303254.7999999998
2024-02-27 06:01:09,7.1833,7.1833,7.1833,8.5107,7.0348,7.9985,3922082.7000000002
2024-02-28 06:01:09,7.9505,7.9505,7.9505,8.79,6.818,7.1858,6672361.0
2024-02-29 06:01:09,7.3238,7.3238,7.3238,8.3495,7.1761,7.9532,1887375.3999999999
2024-03-01 06:01:09,7.9452,7.9452,7.9452,8.4447,7.3392,7.3392,4352729.9000000004
2024-03-02 06:01:09,7.6832,7.6832,7.6832,8.1891,7.5081,7.9409,2196655.0
2024-03-03 06:01:09,7.9244,7.9244,7.9244,8.5529,7.0742,7.6787,4185785.5
2024-03-04 06:01:09,7.3781,7.3781,7.3781,8.4475,7.3257,7.9226,3927852.2000000002
2024-03-05 06:01:09,6.4308,6.4308,6.4308,7.5404,5.487,7.3781,5790931.2999999998
2024-03-06 06:01:09,7.3182,7.3182,7.3182,7.3793,6.064,6.4402,4649454.2999999998
2024-03-07 06:01:09,7.1888,7.1888,7.1888,8.0805,7.0245,7.3278,4335315.2999999998
2024-03-08 06:01:09,7.5296,7.5296,7.5296,7.8321,6.7653,7.188,3065722.5
2024-03-09 06:01:09,11.699,11.699,11.699,12.102,7.4779,7.5372,7075074.4000000004
2024-03-10 06:01:09,9.5529,9.5529,9.5529,11.968,9.1138,11.699,3660968.6000000001
2024-03-11 05:01:09,9.8668,9.8668,9.8668,10.328,8.8796,9.5579,3251446.0
2024-03-12 05:01:09,10.165,10.165,10.165,10.569,9.0353,9.8546,2974011.2000000002
2024-03-13 05:01:09,9.5406,9.5406,9.5406,10.257,9.2928,10.161,1151030.2
2024-03-14 05:01:09,10.79,10.79,10.79,10.89,9.2333,9.5488,2601957.1000000001
2024-03-15 05:01:09,9.7393,9.7393,9.7393,10.864,8.5401,10.792,2765997.6000000001
2024-03-16 05:01:09,8.4446,8.4446,8.4446,9.874,8.1614,9.7487,1943863.6000000001
2024-03-17 05:01:09,9.5433,9.5433,9.5433,9.958,8.3176,8.4545,1928277.7
2024-03-18 05:01:09,8.7578,8.7578,8.7578,9.8353,8.598,9.5677,1674643.7
2024-03-19 05:01:09,7.5076,7.5076,7.5076,8.8717,7.3467,8.7661,4833409.7000000002
2024-03-20 05:01:09,8.3586,8.3586,8.3586,8.452,7.2073,7.5006,3610134.2999999998
2024-03-21 05:01:09,8.0619,8.0619,8.0619,8.4496,7.8279,8.3465,2303658.6000000001
2024-03-22 05:01:09,7.9981,7.9981,7.9981,8.4123,7.6602,8.053,2946579.6000000001
2024-03-23 05:01:09,8.4634,8.4634,8.4634,9.084,7.9388,7.998,2306355.1000000001
2024-03-24 05:01:09,8.4618,8.4618,8.4618,8.5884,8.1301,8.4496,807724.4
2024-03-25 05:01:09,8.6669,8.6669,8.6669,8.9529,8.3368,8.4639,1183075.8
2024-03-26 05:01:09,8.7475,8.7475,8.7475,9.4788,8.5587,8.668,1429196.3999999999
2024-03-27 05:01:09,8.4296,8.4296,8.4296,9.2837,8.3555,8.749,1234158.3
2024-03-28 05:01:09,8.4238,8.4238,8.4238,8.6285,8.2001,8.4261,538761.3
2024-03-29 05:01:09,8.3825,8.3825,8.3825,8.7235,8.0295,8.4215,1194456.8
2024-03-30 05:01:09,8.1259,8.1259,8.1259,8.5282,8.067,8.3824,492697.2
2024-03-31 05:01:09,8.236,8.236,8.236,8.3105,8.0939,8.1211,483651.4
2024-04-01 05:01:09,7.6678,7.6678,7.6678,8.3124,7.3718,8.2324,1049448.7
2024-04-02 05:01:09,6.8367,6.8367,6.8367,7.6742,6.7836,7.6685,1339105.3999999999
2024-04-03 05:01:09,6.7473,6.7473,6.7473,7.1917,6.5028,6.8379,794850.8
2024-04-04 05:01:09,6.871,6.871,6.871,7.1674,6.6053,6.7443,682983.8
2024-04-05 05:01:09,6.8611,6.8611,6.8611,6.997,6.466,6.873,1039732.0
2024-04-06 05:01:09,6.9781,6.9781,6.9781,7.2736,6.7837,6.8621,1002233.4
2024-04-07 05:01:09,7.2121,7.2121,7.2121,7.3825,6.956,6.9819,1199255.5
2024-04-08 05:01:09,7.3141,7.3141,7.3141,7.4803,7.0397,7.2123,1421537.7
2024-04-09 05:01:09,6.6681,6.6681,6.6681,7.3524,6.621,7.3127,1898159.7
2024-04-10 05:01:09,6.565,6.565,6.565,6.7541,6.1989,6.6649,1461348.8
2024-04-11 05:01:09,6.3751,6.3751,6.3751,6.8955,6.3058,6.5675,839530.2
2024-04-12 05:01:09,5.4767,5.4767,5.4767,6.7275,4.6832,6.3759,2748987.2999999998
2024-04-13 05:01:09,4.422,4.422,4.422,5.501,3.7065,5.4735,4085999.2000000002
2024-04-14 05:01:09,5.1444,5.1444,5.1444,5.241,4.2366,4.4195,2742400.7999999998
2024-04-15 05:01:09,4.7809,4.7809,4.7809,5.2319,4.4558,5.1391,2357011.2999999998
2024-04-16 05:01:09,5.0827,5.0827,5.0827,5.2069,4.5181,4.7877,4010921.3999999999
2024-04-17 05:01:09,4.7324,4.7324,4.7324,5.2857,4.6455,5.083,3995025.0
2024-04-18 05:01:09,4.9924,4.9924,4.9924,5.142,4.5776,4.7322,2782945.2000000002
2024-04-19 05:01:09,4.9195,4.9195,4.9195,5.2744,4.4725,4.9932,2549579.1000000001
2024-04-20 05:01:09,5.6232,5.6232,5.6232,5.6604,4.8237,4.9215,2178726.0
2024-04-21 05:01:09,5.5336,5.5336,5.5336,5.8944,5.3618,5.6221,1417102.1000000001
2024-04-22 05:01:09,5.6011,5.6011,5.6011,5.6903,5.4302,5.532,1565577.8999999999
2024-04-23 05:01:09,5.4007,5.4007,5.4007,6.1685,5.3189,5.6017,2646570.2000000002
2024-04-24 05:01:09,4.9215,4.9215,4.9215,5.5817,4.8557,5.397,2084192.3
2024-04-25 05:01:09,4.8733,4.8733,4.8733,5.1506,4.651,4.9226,3058642.6000000001
2024-04-26 05:01:09,4.7005,4.7005,4.7005,4.8966,4.597,4.8688,1837338.7
2024-04-27 05:01:09,4.8719,4.8719,4.8719,4.9436,4.3112,4.7056,2256513.5
2024-04-28 05:01:09,4.7092,4.7092,4.7092,5.031,4.6731,4.875,1407187.8
2024-04-29 05:01:09,4.7301,4.7301,4.7301,4.795,4.508,4.7052,1605530.0
2024-04-30 05:01:09,4.5332,4.5332,4.5332,4.8502,4.2717,4.7359,2849584.0
2024-05-01 05:01:09,4.6551,4.6551,4.6551,4.6842,4.1843,4.5343,3052935.5
2024-05-02 05:01:09,4.6073,4.6073,4.6073,4.7493,4.4153,4.6412,1130485.3999999999
2024-05-03 05:01:09,5.1312,5.1312,5.1312,5.2235,4.5643,4.6016,2215518.8999999999
2024-05-04 05:01:09,5.0878,5.0878,5.0878,5.2677,5.0327,5.1343,1037514.6
2024-05-05 05:01:09,5.7458,5.7458,5.7458,5.8505,4.9299,5.0868,1788775.8999999999
2024-05-06 05:01:09,6.0024,6.0024,6.0024,6.532,5.7232,5.7497,2928765.2000000002
2024-05-07 05:01:09,5.9059,5.9059,5.9059,6.3125,5.8087,6.0034,2557450.7000000002
2024-05-08 05:01:09,5.3684,5.3684,5.3684,5.9576,5.2116,5.9015,1850603.0
2024-05-09 05:01:09,5.6305,5.6305,5.6305,5.7728,5.3483,5.3677,1915341.3999999999
2024-05-10 05:01:09,5.4629,5.4629,5.4629,6.0937,5.3558,5.6304,1936300.1000000001
2024-05-11 05:01:09,5.7884,5.7884,5.7884,6.0674,5.4516,5.4638,1405111.8
2024-05-12 05:01:09,5.9517,5.9517,5.9517,6.062,5.7445,5.7876,746212.4
2024-05-13 05:01:09,5.6345,5.6345,5.6345,6.3278,5.3889,5.9548,4505104.2000000002
2024-05-14 05:01:09,4.7658,4.7658,4.7658,5.6669,4.607,5.637,3321969.3999999999
2024-05-15 05:01:09,5.0814,5.0814,5.0814,5.1565,4.6697,4.7701,2952791.3999999999
2024-05-16 05:01:09,4.8397,4.8397,4.8397,5.1161,4.6429,5.0798,1168397.0
2024-05-17 05:01:09,4.9012,4.9012,4.9012,5.0796,4.8097,4.8455,951217.1
2024-05-18 05:01:09,4.9748,4.9748,4.9748,5.0786,4.8079,4.8959,788026.0
2024-05-19 05:01:09,4.6942,4.6942,4.6942,5.0122,4.6546,4.9753,869937.5
2024-05-20 05:01:09,5.0635,5.0635,5.0635,5.0944,4.6384,4.6942,2308638.8999999999
2024-05-21 05:01:09,5.0972,5.0972,5.0972,5.2391,4.9302,5.0714,2497585.7000000002
2024-05-22 05:01:09,4.9717,4.9717,4.9717,5.2634,4.9071,5.0959,2827579.7000000002
2024-05-23 05:01:09,4.6904,4.6904,4.6904,5.0136,4.4001,4.9689,3003651.7999999998
2024-05-24 05:01:09,4.5865,4.5865,4.5865,4.7622,4.4692,4.693,1072606.5
2024-05-25 05:01:09,4.7118,4.7118,4.7118,4.8147,4.5723,4.5864,473307.2
2024-05-26 05:01:09,4.534,4.534,4.534,4.7405,4.486,4.7117,562384.3
2024-05-27 05:01:09,4.8071,4.8071,4.8071,4.8735,4.5073,4.5318,1302280.1000000001
2024-05-28 05:01:09,4.6685,4.6685,4.6685,4.8053,4.5448,4.8053,1538130.3
2024-05-29 05:01:09,4.9337,4.9337,4.9337,5.0242,4.6562,4.6689,2150947.5
2024-05-30 05:01:09,4.9382,4.9382,4.9382,5.1872,4.6915,4.9332,2334299.7000000002
2024-05-31 05:01:09,4.8405,4.8405,4.8405,4.9709,4.7131,4.9362,854068.4
2024-06-01 05:01:09,4.7941,4.7941,4.7941,4.9389,4.7639,4.8403,429079.6
2024-06-02 05:01:09,4.6816,4.6816,4.6816,4.8597,4.5984,4.7958,534830.8
2024-06-03 05:01:09,4.806,4.806,4.806,4.873,4.6215,4.678,836627.9
2024-06-04 05:01:09,4.8294,4.8294,4.8294,4.8969,4.6864,4.8076,889516.3
2024-06-05 05:01:09,4.9363,4.9363,4.9363,5.1297,4.7878,4.8249,1079236.1000000001
2024-06-06 05:01:09,4.8148,4.8148,4.8148,5.0871,4.7404,4.9343,918218.1
2024-06-07 05:01:09,4.4189,4.4189,4.4189,4.97,3.8478,4.8129,2177466.0
2024-06-08 05:01:09,4.2448,4.2448,4.2448,4.5044,4.1631,4.405,1192512.8999999999
2024-06-09 05:01:09,4.2416,4.2416,4.2416,4.3122,4.1859,4.2438,590694.7
2024-06-10 05:01:09,4.0614,4.0614,4.0614,4.4079,3.9839,4.241,2430908.2000000002
2024-06-11 05:01:09,3.8019,3.8019,3.8019,4.1066,3.7068,4.0627,3075198.2000000002
2024-06-12 05:01:09,3.8659,3.8659,3.8659,4.1016,3.635,3.8074,2126308.8999999999
2024-06-13 05:01:09,3.6391,3.6391,3.6391,3.8953,3.6061,3.8585,1484272.6000000001
2024-06-14 05:01:09,3.4293,3.4293,3.4293,3.7311,3.264,3.6428,2155118.5
2024-06-15 05:01:09,3.386,3.386,3.386,3.5074,3.3636,3.4307,672560.0
2024-06-16 05:01:09,3.4534,3.4534,3.4534,3.5031,3.2801,3.3815,1014900.7
2024-06-17 05:01:09,3.0246,3.0246,3.0246,3.49,2.973,3.4469,2634128.3999999999
2024-06-18 05:01:09,2.8241,2.8241,2.8241,3.0365,2.491,3.0282,5322634.2000000002
2024-06-19 05:01:09,2.7968,2.7968,2.7968,2.9154,2.7457,2.8206,2189100.8999999999
2024-06-20 05:01:09,3.0317,3.0317,3.0317,3.1904,2.7611,2.7893,5593912.5999999996
2024-06-21 05:01:09,2.9784,2.9784,2.9784,3.1346,2.9592,3.0351,4239692.7999999998
2024-06-22 05:01:09,2.9361,2.9361,2.9361,3.0721,2.9067,2.9785,1742415.3999999999
2024-06-23 05:01:09,2.8178,2.8178,2.8178,3.028,2.8,2.9354,1113552.5
2024-06-24 05:01:09,2.9016,2.9016,2.9016,2.9226,2.6441,2.8177,2582815.8999999999
2024-06-25 05:01:09,2.8481,2.8481,2.8481,2.9959,2.8297,2.9008,1028305.1
2024-06-26 05:01:09,2.7798,2.7798,2.7798,2.9336,2.7211,2.8488,1977939.6000000001
2024-06-27 05:01:09,2.7849,2.7849,2.7849,2.8363,2.6932,2.7799,1043402.6
2024-06-28 05:01:09,2.6725,2.6725,2.6725,2.8667,2.6522,2.7856,1513416.5
2024-06-29 05:01:09,2.5585,2.5585,2.5585,2.771,2.5512,2.6732,654049.6
2024-06-30 05:01:09,2.4658,2.4658,2.4658,2.58,2.3281,2.5573,2002988.8999999999
2024-07-01 05:01:09,2.2785,2.2785,2.2785,2.5001,2.2345,2.4681,4983082.0
2024-07-02 05:01:09,2.2747,2.2747,2.2747,2.4246,2.2392,2.276,3709727.2999999998
2024-07-03 05:01:09,2.2831,2.2831,2.2831,2.5527,2.149,2.275,6194235.2000000002
2024-07-04 05:01:09,2.0874,2.0874,2.0874,2.3922,2.0623,2.284,8832775.5
2024-07-05 05:01:09,1.8264,1.8264,1.8264,2.0883,1.7609,2.0883,9129603.5
2024-07-06 05:01:09,2.0056,2.0056,2.0056,2.0362,1.7602,1.8262,4910697.5999999996
2024-07-07 05:01:09,1.8756,1.8756,1.8756,2.0057,1.8385,2.0032,3844032.1000000001
2024-07-08 05:01:09,1.8216,1.8216,1.8216,1.9572,1.7818,1.8778,6009326.4000000004
2024-07-09 05:01:09,1.9246,1.9246,1.9246,1.9283,1.7989,1.8182,3195605.2000000002
2024-07-10 05:01:09,1.9508,1.9508,1.9508,2.0745,1.8435,1.9237,6834786.2000000002
2024-07-11 05:01:09,1.7881,1.7881,1.7881,2.0017,1.7611,1.9467,6024677.4000000004
2024-07-12 05:01:09,1.7816,1.7816,1.7816,1.8282,1.7261,1.7884,5906712.0
2024-07-13 05:01:09,1.8233,1.8233,1.8233,1.868,1.7718,1.7814,2361512.7000000002
2024-07-14 05:01:09,1.8567,1.8567,1.8567,1.8751,1.7995,1.8232,2466180.8999999999
2024-07-15 05:01:09,2.337,2.337,2.337,2.3714,1.8546,1.8579,8569292.1999999993
2024-07-16 05:01:09,2.8181,2.8181,2.8181,2.8714,2.106,2.3367,16323515.4000000004
2024-07-17 05:01:09,2.9453,2.9453,2.9453,3.24,2.7353,2.8155,15483131.8000000007
2024-07-18 05:01:09,2.648,2.648,2.648,2.9854,2.5691,2.946,7501477.7000000002
2024-07-19 05:01:09,2.7644,2.7644,2.7644,2.9185,2.5224,2.6399,7627458.5
2024-07-20 05:01:09,2.639,2.639,2.639,2.8061,2.5433,2.767,2777472.1000000001
2024-07-21 05:01:09,2.5682,2.5682,2.5682,2.6628,2.3771,2.6397,4717004.7000000002
2024-07-22 05:01:09,2.269,2.269,2.269,2.632,2.2581,2.57,3803363.6000000001
2024-07-23 05:01:09,2.177,2.177,2.177,2.371,2.1484,2.269,5619276.7999999998
2024-07-24 05:01:09,2.205,2.205,2.205,2.346,2.1397,2.1747,4388414.0
2024-07-25 05:01:09,2.1134,2.1134,2.1134,2.2401,2.0093,2.2031,3778704.1000000001
2024-07-26 05:01:09,2.3584,2.3584,2.3584,2.4544,2.11,2.1141,4856073.5
2024-07-27 05:01:09,2.3284,2.3284,2.3284,2.4726,2.2973,2.3568,5147534.2999999998
2024-07-28 05:01:09,2.3469,2.3469,2.3469,2.3977,2.2419,2.3284,2657366.0
2024-07-29 05:01:09,2.2815,2.2815,2.2815,2.4314,2.2592,2.3463,3355244.0
2024-07-30 05:01:09,2.1916,2.1916,2.1916,2.3153,2.1337,2.28,3172585.8999999999
2024-07-31 05:01:09,2.1042,2.1042,2.1042,2.2376,2.0934,2.1899,2983582.3999999999
2024-08-01 05:01:09,2.0789,2.0789,2.0789,2.1433,1.9022,2.1046,4635059.2000000002
2024-08-02 05:01:09,1.8972,1.8972,1.8972,2.1059,1.8716,2.0802,4685732.5999999996
2024-08-03 05:01:09,1.7418,1.7418,1.7418,1.9145,1.6928,1.8934,3627742.0
2024-08-04 05:01:09,1.6382,1.6382,1.6382,1.7754,1.5541,1.741,4765853.0999999996
2024-08-05 05:01:09,1.5765,1.5765,1.5765,1.6762,1.3459,1.6383,21471949.1000000015
2024-08-06 05:01:09,1.6466,1.6466,1.6466,1.7545,1.5724,1.5764,6191448.7999999998
2024-08-07 05:01:09,1.544,1.544,1.544,1.7136,1.5282,1.6454,5948021.9000000004
2024-08-08 05:01:09,1.8509,1.8509,1.8509,1.8653,1.5193,1.5487,6701701.0
2024-08-09 05:01:09,1.7432,1.7432,1.7432,1.888,1.6894,1.8518,4273157.0999999996
2024-08-10 05:01:09,1.7544,1.7544,1.7544,1.7928,1.7087,1.7437,1600014.3
2024-08-11 05:01:09,1.6007,1.6007,1.6007,1.8343,1.589,1.7527,3668845.3999999999
2024-08-12 05:01:09,1.7004,1.7004,1.7004,1.7466,1.5959,1.6003,5821617.7000000002
2024-08-13 05:01:09,1.6708,1.6708,1.6708,1.7098,1.6272,1.7006,2053907.3
2024-08-14 05:01:09,1.5901,1.5901,1.5901,1.6945,1.5618,1.6704,2648267.1000000001
2024-08-15 05:01:09,1.4919,1.4919,1.4919,1.6071,1.4572,1.5905,4712162.0999999996
2024-08-16 05:01:09,1.4715,1.4715,1.4715,1.5271,1.4306,1.4927,4590989.2000000002
2024-08-17 05:01:09,1.5042,1.5042,1.5042,1.513,1.4568,1.4699,1686196.8999999999
2024-08-18 05:01:09,1.5125,1.5125,1.5125,1.5805,1.4811,1.505,2311843.1000000001
2024-08-19 05:01:09,1.5309,1.5309,1.5309,1.5475,1.4168,1.5117,4141681.1000000001
2024-08-20 05:01:09,1.5223,1.5223,1.5223,1.5973,1.5097,1.5315,4914920.2000000002
2024-08-21 05:01:09,1.5703,1.5703,1.5703,1.5927,1.4752,1.5217,5200484.5999999996
2024-08-22 05:01:09,1.6319,1.6319,1.6319,1.6654,1.5521,1.571,3668341.5
2024-08-23 05:01:09,1.8445,1.8445,1.8445,1.8776,1.6319,1.6321,5290625.2000000002
2024-08-24 05:01:09,1.9127,1.9127,1.9127,1.976,1.8258,1.8458,2808008.0
2024-08-25 05:01:09,1.8446,1.8446,1.8446,1.9139,1.7821,1.9126,4102730.7999999998
2024-08-26 05:01:09,1.6677,1.6677,1.6677,1.8792,1.6469,1.8476,4644165.7000000002
2024-08-27 05:01:09,1.505,1.505,1.505,1.7312,1.4738,1.6675,3088643.3999999999
2024-08-28 05:01:09,1.5158,1.5158,1.5158,1.5822,1.441,1.5034,4937498.7999999998
2024-08-29 05:01:09,1.4936,1.4936,1.4936,1.5731,1.4689,1.5178,4313241.0999999996
2024-08-30 05:01:09,1.5232,1.5232,1.5232,1.5453,1.4225,1.4909,4902807.9000000004
2024-08-31 05:01:09,1.4894,1.4894,1.4894,1.541,1.4658,1.525,1733202.1000000001
2024-09-01 05:01:09,1.4014,1.4014,1.4014,1.5116,1.3893,1.4886,2962340.0
2024-09-02 05:01:09,1.4754,1.4754,1.4754,1.4934,1.3886,1.3992,5185626.4000000004
2024-09-03 05:01:09,1.4053,1.4053,1.4053,1.5125,1.4017,1.4772,3671746.7999999998
2024-09-04 05:01:09,1.4242,1.4242,1.4242,1.4715,1.3186,1.4054,3921245.2999999998
2024-09-05 05:01:09,1.3869,1.3869,1.3869,1.4389,1.3642,1.4241,4958475.4000000004
2024-09-06 05:01:09,1.3357,1.3357,1.3357,1.4349,1.286,1.3867,6162124.5
2024-09-07 05:01:09,1.3459,1.3459,1.3459,1.3737,1.3179,1.3344,2672363.6000000001
2024-09-08 05:01:09,1.3954,1.3954,1.3954,1.4129,1.3411,1.3451,2509207.0
2024-09-09 05:01:09,1.461,1.461,1.461,1.4929,1.3832,1.3954,3993005.1000000001
2024-09-10 05:01:09,1.4686,1.4686,1.4686,1.4839,1.425,1.4619,2671939.5
2024-09-11 05:01:09,1.3737,1.3737,1.3737,1.4731,1.3614,1.4687,3251234.5
2024-09-12 05:01:09,1.5399,1.5399,1.5399,1.6164,1.3738,1.3747,7299437.9000000004
2024-09-13 05:01:09,1.519,1.519,1.519,1.5436,1.4591,1.5389,5280213.9000000004
2024-09-14 05:01:09,1.5116,1.5116,1.5116,1.5534,1.489,1.5192,1821079.8
2024-09-15 05:01:09,1.4741,1.4741,1.4741,1.5793,1.4559,1.5128,1947689.5
2024-09-16 05:01:09,1.4135,1.4135,1.4135,1.4747,1.3851,1.4699,3450953.1000000001
2024-09-17 05:01:09,1.4769,1.4769,1.4769,1.5088,1.3968,1.4133,2858293.1000000001
2024-09-18 05:01:09,1.5568,1.5568,1.5568,1.5587,1.4247,1.476,4242300.7000000002
2024-09-19 05:01:09,1.5971,1.5971,1.5971,1.6511,1.5381,1.5593,7458066.7999999998
2024-09-20 05:01:09,1.6194,1.6194,1.6194,1.6878,1.5662,1.5976,3566501.2000000002
2024-09-21 05:01:09,1.6454,1.6454,1.6454,1.6538,1.5677,1.6201,2892357.8999999999
2024-09-22 05:01:09,1.5623,1.5623,1.5623,1.6587,1.5128,1.6452,4285652.2000000002
2024-09-23 05:01:09,1.7089,1.7089,1.7089,1.7845,1.5212,1.5623,12574049.5
2024-09-24 05:01:09,1.8092,1.8092,1.8092,1.846,1.6581,1.7089,7816257.0
2024-09-25 05:01:09,2.1073,2.1073,2.1073,2.1456,1.7931,1.8134,15084272.8000000007
2024-09-26 05:01:09,2.0352,2.0352,2.0352,2.1813,2.012,2.1069,11780973.5999999996
2024-09-27 05:01:09,2.1122,2.1122,2.1122,2.174,1.9993,2.0351,8964785.9000000004
2024-09-28 05:01:09,2.0103,2.0103,2.0103,2.1622,1.9786,2.1101,2946156.7000000002
2024-09-29 05:01:09,2.0503,2.0503,2.0503,2.1121,1.9308,2.0155,3529448.7999999998
2024-09-30 05:01:09,1.8592,1.8592,1.8592,2.07,1.8293,2.0496,5271618.0999999996
2024-10-01 05:01:09,1.6586,1.6586,1.6586,1.966,1.5747,1.8537,9645627.4000000004
2024-10-02 05:01:09,1.5999,1.5999,1.5999,1.7444,1.5442,1.6562,5281490.5999999996
2024-10-03 05:01:09,1.6033,1.6033,1.6033,1.6518,1.5344,1.5997,4455354.4000000004
2024-10-04 05:01:09,1.698,1.698,1.698,1.7256,1.5862,1.6031,2906207.0
2024-10-05 05:01:09,1.8151,1.8151,1.8151,1.9104,1.6789,1.6984,3128614.7999999998
2024-10-06 05:01:09,1.9383,1.9383,1.9383,2.0485,1.7998,1.8151,4759705.5
2024-10-07 05:01:09,1.9342,1.9342,1.9342,2.069,1.9051,1.9372,7663259.7000000002
2024-10-08 05:01:09,1.8511,1.8511,1.8511,2.0121,1.8266,1.9386,6434005.0
2024-10-09 05:01:09,1.7354,1.7354,1.7354,1.8843,1.7184,1.8546,5353193.9000000004
2024-10-10 05:01:09,1.6994,1.6994,1.6994,1.7682,1.639,1.7343,4209198.5
2024-10-11 05:01:09,1.9309,1.9309,1.9309,1.9605,1.6862,1.6995,5776765.5999999996
2024-10-12 05:01:09,2.0818,2.0818,2.0818,2.1214,1.8826,1.9328,4823574.7000000002
2024-10-13 05:01:09,2.0769,2.0769,2.0769,2.0931,1.9344,2.0819,3897838.0
2024-10-14 05:01:09,2.4186,2.4186,2.4186,2.4419,2.072,2.0778,12783643.0999999996
2024-10-15 05:01:09,2.3889,2.3889,2.3889,2.649,2.2759,2.419,11726011.4000000004
2024-10-16 05:01:09,2.2387,2.2387,2.2387,2.4209,2.1735,2.3907,6644119.5999999996
2024-10-17 05:01:09,2.1265,2.1265,2.1265,2.325,2.0819,2.2393,8243078.0999999996
2024-10-18 05:01:09,2.3673,2.3673,2.3673,2.464,2.1079,2.1284,5765849.5
2024-10-19 05:01:09,2.4596,2.4596,2.4596,2.533,2.3363,2.3685,8459765.0999999996
2024-10-20 05:01:09,2.4276,2.4276,2.4276,2.4766,2.337,2.4596,3727188.1000000001
2024-10-21 05:01:09,2.2725,2.2725,2.2725,2.4868,2.2665,2.4277,3088711.0
2024-10-22 05:01:09,2.3068,2.3068,2.3068,2.326,2.1949,2.2781,2214939.7000000002
2024-10-23 05:01:09,2.248,2.248,2.248,2.3168,2.1542,2.306,3072829.2999999998
2024-10-24 05:01:09,2.2023,2.2023,2.2023,2.3164,2.1728,2.2491,4824355.2000000002
2024-10-25 05:01:09,1.9228,1.9228,1.9228,2.2187,1.7878,2.2076,7648737.7999999998
2024-10-26 05:01:09,2.0111,2.0111,2.0111,2.0456,1.8926,1.9139,2803816.5
2024-10-27 05:01:09,2.0426,2.0426,2.0426,2.0748,1.9696,2.0107,892976.5
2024-10-28 05:01:09,2.0515,2.0515,2.0515,2.0945,1.8858,2.0433,3617309.0
2024-10-29 05:01:09,2.1034,2.1034,2.1034,2.1382,2.0346,2.0562,3614116.2999999998
2024-10-30 05:01:09,2.004,2.004,2.004,2.1031,1.9837,2.1029,3237786.7999999998
2024-10-31 05:01:09,1.9217,1.9217,1.9217,2.013,1.8825,2.0065,2035541.3999999999
2024-11-01 05:01:09,1.8806,1.8806,1.8806,1.9895,1.8261,1.9239,2034309.2
2024-11-02 05:01:09,1.8078,1.8078,1.8078,1.8979,1.7784,1.8793,1437059.5
2024-11-03 05:01:09,1.7279,1.7279,1.7279,1.815,1.63,1.8094,3073586.8999999999
2024-11-04 06:01:09,1.6554,1.6554,1.6554,1.7605,1.5909,1.7249,2702502.0
2024-11-05 06:01:09,1.7712,1.7712,1.7712,1.8391,1.6601,1.6609,2489055.3999999999
2024-11-06 06:01:09,1.982,1.982,1.982,2.013,1.7704,1.7704,5632702.9000000004
2024-11-07 06:01:09,1.9969,1.9969,1.9969,2.06,1.9213,1.982,3453932.0
2024-11-08 06:01:09,1.9163,1.9163,1.9163,2.0214,1.8444,2.0005,2059421.3999999999
2024-11-09 06:01:09,2.0785,2.0785,2.0785,2.1255,1.8821,1.9185,2848527.7999999998
2024-11-10 06:01:09,2.1124,2.1124,2.1124,2.265,2.0015,2.0788,7578887.9000000004
2024-11-11 06:01:09,2.4982,2.4982,2.4982,2.508,2.097,2.116,12761863.0
2024-11-12 06:01:09,2.4564,2.4564,2.4564,2.8554,2.3032,2.4974,19021739.5
2024-11-13 06:01:09,2.3037,2.3037,2.3037,2.485,2.1299,2.4582,10354707.1999999993
2024-11-14 06:01:09,2.1821,2.1821,2.1821,2.4881,2.1463,2.3032,5435916.5
2024-11-15 06:01:09,2.3042,2.3042,2.3042,2.3387,2.1234,2.181,4075588.2999999998
2024-11-16 06:01:09,2.3717,2.3717,2.3717,2.4174,2.2466,2.3052,6982024.7000000002
2024-11-17 06:01:09,2.2306,2.2306,2.2306,2.4093,2.1842,2.3712,3763420.2999999998
2024-11-18 06:01:09,2.3984,2.3984,2.3984,2.4255,2.2162,2.2318,3840581.5
2024-11-19 06:01:09,2.289,2.289,2.289,2.4012,2.2261,2.3976,2593024.6000000001
2024-11-20 06:01:09,2.1144,2.1144,2.1144,2.2885,2.0627,2.2885,3713369.8999999999
2024-11-21 06:01:09,2.2419,2.2419,2.2419,2.3361,2.0261,2.1094,7193933.5
2024-11-22 06:01:09,2.2564,2.2564,2.2564,2.2992,2.1144,2.2396,3594707.7000000002
2024-11-23 06:01:09,2.4461,2.4461,2.4461,2.5093,2.2371,2.2581,8007350.7999999998
2024-11-24 06:01:09,2.5479,2.5479,2.5479,2.6897,2.3059,2.4496,6863824.0999999996
2024-11-25 06:01:09,2.436,2.436,2.436,2.7949,2.3707,2.5527,10775770.0
2024-11-26 06:01:09,2.3504,2.3504,2.3504,2.5561,2.2471,2.4427,6171583.2999999998
2024-11-27 06:01:09,2.5553,2.5553,2.5553,2.5879,2.3,2.3515,3997825.7999999998
2024-11-28 06:01:09,2.9463,2.9463,2.9463,3.068,2.4702,2.556,8913430.4000000004
2024-11-29 06:01:09,2.9289,2.9289,2.9289,2.9626,2.7945,2.9474,6436003.7000000002
2024-11-30 06:01:09,3.6434,3.6434,3.6434,3.7383,2.8683,2.9275,14798775.0999999996
2024-12-01 06:01:09,3.4082,3.4082,3.4082,3.6591,3.2621,3.633,8893248.3000000007
2024-12-02 06:01:09,3.2884,3.2884,3.2884,3.4076,3.0775,3.4075,12253440.3000000007
2024-12-03 06:01:09,3.2993,3.2993,3.2993,3.4855,2.9656,3.2843,12651700.3000000007
2024-12-04 06:01:09,3.3025,3.3025,3.3025,3.5004,3.1956,3.3009,8859656.9000000004
2024-12-05 06:01:09,3.7286,3.7286,3.7286,4.092,3.1275,3.303,18249404.0
2024-12-06 06:01:09,3.9228,3.9228,3.9228,4.1992,3.6292,3.7234,17630213.8000000007
2024-12-07 06:01:09,3.7758,3.7758,3.7758,3.9435,3.7538,3.9228,4407718.5999999996
2024-12-08 06:01:09,3.8184,3.8184,3.8184,3.8284,3.6537,3.7783,4101089.5
2024-12-09 06:01:09,2.9289,2.9289,2.9289,3.8183,2.365,3.8178,24315011.6999999993
2024-12-10 06:01:09,2.8378,2.8378,2.8378,3.0409,2.5825,2.9277,16649000.3000000007
2024-12-11 06:01:09,3.1356,3.1356,3.1356,3.1633,2.714,2.8368,5466427.2999999998
2024-12-12 06:01:09,3.0764,3.0764,3.0764,3.3696,3.0161,3.1374,5440705.4000000004
2024-12-13 06:01:09,3.0919,3.0919,3.0919,3.1355,2.991,3.0816,2245077.6000000001
2024-12-14 06:01:09,2.923,2.923,2.923,3.1157,2.8393,3.0816,5531509.7999999998
2024-12-15 06:01:09,3.0457,3.0457,3.0457,3.1016,2.866,2.9178,5384078.0
2024-12-16 06:01:09,2.8652,2.8652,2.8652,3.159,2.8489,3.0567,7960198.2999999998
2024-12-17 06:01:09,2.7062,2.7062,2.7062,2.9146,2.6911,2.8673,5248131.4000000004
2024-12-18 06:01:09,2.4094,2.4094,2.4094,2.7315,2.3712,2.7077,6208734.4000000004
2024-12-19 06:01:09,2.188,2.188,2.188,2.4651,2.106,2.4114,11728316.5
2024-12-20 06:01:09,2.3653,2.3653,2.3653,2.3974,1.9379,2.1893,18767451.1000000015
2024-12-21 06:01:09,2.1782,2.1782,2.1782,2.5026,2.1484,2.365,7621098.7999999998
2024-12-22 06:01:09,2.2149,2.2149,2.2149,2.3041,2.1385,2.1815,5364070.0999999996
2024-12-23 06:01:09,2.3219,2.3219,2.3219,2.3606,2.1157,2.2147,5994202.2000000002
2024-12-24 06:01:09,2.3582,2.3582,2.3582,2.4131,2.2506,2.3212,2883520.5
2024-12-25 06:01:09,2.3027,2.3027,2.3027,2.3879,2.2669,2.358,1643322.3999999999
2024-12-26 06:01:09,2.1852,2.1852,2.1852,2.325,2.1476,2.3026,2842926.1000000001
2024-12-27 06:01:09,2.1839,2.1839,2.1839,2.31,2.1587,2.1863,2329228.7999999998
2024-12-28 06:01:09,2.2316,2.2316,2.2316,2.2496,2.1328,2.1856,1321757.3
2024-12-29 06:01:09,2.1056,2.1056,2.1056,2.2376,2.0877,2.2308,955905.2
2024-12-30 06:01:09,2.0778,2.0778,2.0778,2.198,2.0138,2.1061,3429559.8999999999
2024-12-31 06:01:09,2.093,2.093,2.093,2.1808,2.0209,2.0766,1776181.8
2025-01-01 06:01:09,2.2297,2.2297,2.2297,2.2458,2.0813,2.0915,2563397.8999999999
2025-01-02 06:01:09,2.2958,2.2958,2.2958,2.3585,2.2139,2.2293,2828003.3999999999
2025-01-03 06:01:09,2.4158,2.4158,2.4158,2.429,2.2088,2.3014,2498444.6000000001
2025-01-04 06:01:09,2.3808,2.3808,2.3808,2.4477,2.3443,2.4141,2348669.2000000002
2025-01-05 06:01:09,2.411,2.411,2.411,2.4363,2.3135,2.383,1561271.2
2025-01-06 06:01:09,2.618,2.618,2.618,2.8061,2.3465,2.4131,17775038.5
2025-01-07 06:01:09,2.3255,2.3255,2.3255,2.6842,2.3075,2.6182,16363309.0999999996
2025-01-08 06:01:09,2.1987,2.1987,2.1987,2.3654,2.0747,2.3256,12269600.5999999996
2025-01-09 06:01:09,2.1197,2.1197,2.1197,2.2376,2.0722,2.1929,5257920.9000000004
2025-01-10 06:01:09,2.1615,2.1615,2.1615,2.204,2.0527,2.1198,3538931.2999999998
2025-01-11 06:01:09,2.1934,2.1934,2.1934,2.2333,2.1217,2.1618,1356628.0
2025-01-12 06:01:09,2.1447,2.1447,2.1447,2.2048,2.0997,2.1933,2579353.5
2025-01-13 06:01:09,1.9592,1.9592,1.9592,2.2059,1.8383,2.1394,23979544.8000000007
2025-01-14 06:01:09,2.0374,2.0374,2.0374,2.062,1.9438,1.9603,5907279.7000000002
2025-01-15 06:01:09,2.2126,2.2126,2.2126,2.2188,1.9643,2.0429,4602932.5999999996
2025-01-16 06:01:09,2.1491,2.1491,2.1491,2.248,2.1169,2.2134,4024563.6000000001
2025-01-17 06:01:09,2.2975,2.2975,2.2975,2.3254,2.1525,2.1535,3849977.0
2025-01-18 06:01:09,2.1477,2.1477,2.1477,2.381,2.0959,2.3035,7426104.0999999996
2025-01-19 06:01:09,1.9068,1.9068,1.9068,2.2355,1.8656,2.1475,16826165.8999999985
2025-01-20 06:01:09,1.896,1.896,1.896,2.1582,1.8278,1.9059,19394900.6999999993
2025-01-21 06:01:09,2.1315,2.1315,2.1315,2.3443,1.797,1.8957,23283519.3000000007
2025-01-22 06:01:09,2.316,2.316,2.316,2.4653,2.056,2.131,33161350.1000000015
2025-01-23 06:01:09,2.2649,2.2649,2.2649,2.3456,2.1039,2.3116,15379588.5
2025-01-24 06:01:09,2.1306,2.1306,2.1306,2.3292,2.1193,2.2648,8856045.5999999996
2025-01-25 06:01:09,2.0978,2.0978,2.0978,2.18,2.0758,2.1278,8428486.4000000004
2025-01-26 06:01:09,1.9869,1.9869,1.9869,2.1194,1.9867,2.0987,7399482.9000000004
2025-01-27 06:01:09,1.9069,1.9069,1.9069,1.9916,1.8105,1.9907,17670687.5
2025-01-28 06:01:09,1.6319,1.6319,1.6319,1.9308,1.6207,1.9074,11706425.4000000004
2025-01-29 06:01:09,1.7242,1.7242,1.7242,1.8283,1.6117,1.632,8280771.5
2025-01-30 06:01:09,1.7659,1.7659,1.7659,1.8722,1.7066,1.724,8351997.5
2025-01-31 06:01:09,1.7722,1.7722,1.7722,1.8767,1.7381,1.7661,4292273.7999999998
2025-02-01 06:01:09,1.6139,1.6139,1.6139,1.8089,1.5973,1.7732,2122396.8999999999
2025-02-02 06:01:09,1.3908,1.3908,1.3908,1.6381,1.287,1.6121,9864698.1999999993
2025-02-03 06:01:09,1.4213,1.4213,1.4213,1.4497,0.96169,1.3906,27227239.6999999993
2025-02-04 06:01:09,1.3165,1.3165,1.3165,1.4311,1.2483,1.4202,10491368.5999999996
2025-02-05 06:01:09,1.2864,1.2864,1.2864,1.3686,1.2609,1.3149,5336458.5999999996
2025-02-06 06:01:09,1.2015,1.2015,1.2015,1.3312,1.1823,1.2895,4933420.2000000002
2025-02-07 06:01:09,1.2048,1.2048,1.2048,1.3104,1.1511,1.2005,3970817.3999999999
2025-02-08 06:01:09,1.2481,1.2481,1.2481,1.264,1.1979,1.2035,3753750.5
2025-02-09 06:01:09,1.2225,1.2225,1.2225,1.2856,1.1511,1.2477,2314110.1000000001
2025-02-10 06:01:09,1.2586,1.2586,1.2586,1.39,1.1718,1.2237,12066306.1999999993
2025-02-11 06:01:09,1.2438,1.2438,1.2438,1.3462,1.2221,1.2628,4575815.0
2025-02-12 06:01:09,1.2851,1.2851,1.2851,1.3025,1.1702,1.2442,4988635.9000000004
2025-02-13 06:01:09,1.225,1.225,1.225,1.293,1.209,1.285,2224641.7999999998
2025-02-14 06:01:09,1.2947,1.2947,1.2947,1.3411,1.2147,1.2257,2777297.7999999998
2025-02-15 06:01:09,1.2333,1.2333,1.2333,1.3051,1.218,1.295,1316020.8
2025-02-16 06:01:09,1.2202,1.2202,1.2202,1.2549,1.1983,1.2333,1956110.5
2025-02-17 06:01:09,1.2046,1.2046,1.2046,1.2751,1.1718,1.2192,3598577.8999999999
2025-02-18 06:01:09,1.1368,1.1368,1.1368,1.2135,1.0764,1.2042,4050589.2000000002
2025-02-19 06:01:09,1.1318,1.1318,1.1318,1.1604,1.1094,1.1364,1838617.7
2025-02-20 06:01:09,1.2026,1.2026,1.2026,1.213,1.1263,1.1308,3454251.8999999999
2025-02-21 06:01:09,1.1814,1.1814,1.1814,1.3243,1.1641,1.2032,5833187.5999999996
2025-02-22 06:01:09,1.2571,1.2571,1.2571,1.2903,1.1737,1.1787,2993082.7999999998
2025-02-23 06:01:09,1.2396,1.2396,1.2396,1.2735,1.2097,1.2568,2521177.6000000001
2025-02-24 06:01:09,1.0528,1.0528,1.0528,1.26,1.0191,1.2409,5024217.7000000002
2025-02-25 06:01:09,1.0912,1.0912,1.0912,1.1123,0.97117,1.0531,8869179.1999999993
2025-02-26 06:01:09,1.1117,1.1117,1.1117,1.1356,1.047,1.0927,5498021.0999999996
2025-02-27 06:01:09,1.1543,1.1543,1.1543,1.1833,1.1006,1.1146,5840113.9000000004
2025-02-28 06:01:09,1.1111,1.1111,1.1111,1.1546,1.0081,1.1546,7801277.5
2025-03-01 06:01:09,1.1059,1.1059,1.1059,1.1241,1.07,1.1113,2272233.7000000002
2025-03-02 06:01:09,1.213,1.213,1.213,1.2233,1.0682,1.1042,3588499.5
2025-03-03 06:01:09,1.0474,1.0474,1.0474,1.2578,1.0292,1.2138,13976341.0
2025-03-04 06:01:09,0.94386,0.94386,0.94386,1.0567,0.8694,1.0474,10168891.5999999996
2025-03-05 06:01:09,0.97572,0.97572,0.97572,1.0156,0.93099,0.94357,5635499.5
2025-03-06 06:01:09,0.95917,0.95917,0.95917,1.0102,0.9488,0.97556,4171759.5
2025-03-07 06:01:09,0.93542,0.93542,0.93542,0.98766,0.90267,0.96018,5999809.0999999996
2025-03-08 06:01:09,0.88803,0.88803,0.88803,0.95445,0.87363,0.93656,5093041.5
2025-03-09 06:01:09,0.79514,0.79514,0.79514,0.9024,0.77773,0.888,4426076.0999999996
2025-03-10 05:01:09,0.75454,0.75454,0.75454,0.87496,0.72076,0.79603,6832793.4000000004
2025-03-11 05:01:09,0.79814,0.79814,0.79814,0.82852,0.69991,0.75641,11228957.3000000007
2025-03-12 05:01:09,0.8413,0.8413,0.8413,0.8428,0.773,0.79832,5207762.9000000004
2025-03-13 05:01:09,0.83879,0.83879,0.83879,0.86926,0.8043,0.84116,3282064.2000000002
2025-03-14 05:01:09,0.87008,0.87008,0.87008,0.89335,0.83372,0.83877,4710014.0
2025-03-15 05:01:09,0.87701,0.87701,0.87701,0.88742,0.86149,0.87011,1985625.8
2025-03-16 05:01:09,0.83272,0.83272,0.83272,0.91122,0.81979,0.87746,5801709.4000000004
2025-03-17 05:01:09,0.8719,0.8719,0.8719,0.89599,0.832,0.83242,4757344.5
2025-03-18 05:01:09,0.83729,0.83729,0.83729,0.8726,0.81122,0.8719,3769026.0
2025-03-19 05:01:09,0.89599,0.89599,0.89599,0.89827,0.83504,0.83698,3995618.8999999999
2025-03-20 05:01:09,0.85634,0.85634,0.85634,0.91854,0.8491,0.89628,8549809.1999999993
2025-03-21 05:01:09,0.81516,0.81516,0.81516,0.87204,0.80637,0.85643,2451525.8999999999
2025-03-22 05:01:09,0.82516,0.82516,0.82516,0.84485,0.81512,0.81512,2245775.2000000002
2025-03-23 05:01:09,0.82881,0.82881,0.82881,0.84299,0.80855,0.8251,2772348.6000000001
2025-03-24 05:01:09,0.90387,0.90387,0.90387,0.9555,0.81512,0.82902,21055950.1000000015
2025-03-25 05:01:09,0.93336,0.93336,0.93336,0.94631,0.90046,0.90531,11184286.1999999993
2025-03-26 05:01:09,0.92928,0.92928,0.92928,0.97908,0.9235,0.93321,15872735.0999999996
2025-03-27 05:01:09,0.94867,0.94867,0.94867,0.98662,0.926,0.92928,16164435.0
2025-03-28 05:01:09,0.84017,0.84017,0.84017,0.9554,0.82924,0.94853,6499866.2000000002
2025-03-29 05:01:09,0.77848,0.77848,0.77848,0.849,0.76571,0.8402,4459705.2000000002
2025-03-30 05:01:09,0.77858,0.77858,0.77858,0.80389,0.76337,0.77867,3790559.2999999998
2025-03-31 05:01:09,0.769,0.769,0.769,0.78927,0.74463,0.77851,4252006.0999999996
2025-04-01 05:01:09,0.80233,0.80233,0.80233,0.8449,0.76646,0.76834,3904315.2000000002
2025-04-02 05:01:09,0.72356,0.72356,0.72356,0.8097,0.71108,0.80218,6229260.4000000004
2025-04-03 05:01:09,0.7513,0.7513,0.7513,0.76479,0.70446,0.72365,6309743.7999999998
2025-04-04 05:01:09,0.7595,0.7595,0.7595,0.77153,0.72642,0.75167,4186362.6000000001
2025-04-05 05:01:09,0.744,0.744,0.744,0.76177,0.72938,0.75975,1597886.3999999999
2025-04-06 05:01:09,0.63216,0.63216,0.63216,0.74438,0.61459,0.74429,6899703.2000000002
2025-04-07 05:01:09,0.64924,0.64924,0.64924,0.68278,0.57338,0.63192,7996175.2999999998
2025-04-08 05:01:09,0.617,0.617,0.617,0.66784,0.61129,0.65014,2587917.5
2025-04-09 05:01:09,0.71084,0.71084,0.71084,0.71376,0.5925,0.61765,12691241.8000000007
2025-04-10 05:01:09,0.69463,0.69463,0.69463,0.72338,0.67668,0.71069,9932262.0999999996
2025-04-11 05:01:09,0.7401,0.7401,0.7401,0.75,0.69366,0.69463,4205269.9000000004
2025-04-12 05:01:09,0.7817,0.7817,0.7817,0.78893,0.72827,0.74019,2261786.2000000002
2025-04-13 05:01:09,0.74341,0.74341,0.74341,0.79156,0.72888,0.78146,2953328.6000000001
2025-04-14 05:01:09,0.7405,0.7405,0.7405,0.77854,0.73397,0.74372,1854599.7
2025-04-15 05:01:09,0.70877,0.70877,0.70877,0.75261,0.70657,0.7405,3238786.7000000002
2025-04-16 05:01:09,0.6908,0.6908,0.6908,0.7209,0.6775,0.70824,4545337.7999999998
2025-04-17 05:01:09,0.69995,0.69995,0.69995,0.71671,0.68137,0.6909,3914864.3999999999
2025-04-18 05:01:09,0.70947,0.70947,0.70947,0.7248,0.69296,0.70082,2325410.7999999998
2025-04-19 05:01:09,0.76843,0.76843,0.76843,0.77328,0.70554,0.7093,2460440.7999999998
2025-04-20 05:01:09,0.77763,0.77763,0.77763,0.78746,0.73937,0.74258,1529723.7
2025-04-21 05:01:09,0.7655,0.7655,0.7655,0.80127,0.76119,0.77718,4221057.9000000004
2025-04-22 05:01:09,0.8387,0.8387,0.8387,0.84069,0.7491,0.76531,5347728.0
2025-04-23 05:01:09,0.86349,0.86349,0.86349,0.88309,0.83657,0.83984,6708925.2999999998
2025-04-24 05:01:09,0.92154,0.92154,0.92154,0.92681,0.83617,0.86361,14184840.9000000004
2025-04-25 05:01:09,1.0494,1.0494,1.0494,1.0753,0.89368,0.9206,24104045.6000000015
2025-04-26 05:01:09,1.217,1.217,1.217,1.2605,1.0487,1.0487,29038268.5
2025-04-27 05:01:09,1.124,1.124,1.124,1.2384,1.1098,1.2186,37992640.1000000015
2025-04-28 05:01:09,1.1307,1.1307,1.1307,1.2,1.0561,1.1242,32606894.0
2025-04-29 05:01:09,1.0877,1.0877,1.0877,1.1885,1.0691,1.1307,15846020.6999999993
2025-04-30 05:01:09,1.1299,1.1299,1.1299,1.1711,1.0052,1.0872,25104752.5
2025-05-01 05:01:09,1.0489,1.0489,1.0489,1.165,1.0022,1.1294,45004810.1000000015
2025-05-02 05:01:09,1.0308,1.0308,1.0308,1.0648,1.0112,1.0489,8024045.5999999996
2025-05-03 05:01:09,0.95422,0.95422,0.95422,1.0311,0.95216,1.031,8427335.0
2025-05-04 05:01:09,0.92193,0.92193,0.92193,0.96382,0.91444,0.9543,4213454.5
2025-05-05 05:01:09,0.87017,0.87017,0.87017,0.96323,0.85201,0.92266,10689779.3000000007
2025-05-06 05:01:09,0.92755,0.92755,0.92755,0.93783,0.86103,0.87017,7302848.5999999996
2025-05-07 05:01:09,0.92906,0.92906,0.92906,0.97269,0.90343,0.92754,9917243.6999999993
2025-05-08 05:01:09,1.0643,1.0643,1.0643,1.0816,0.92403,0.93,16995543.1000000015
2025-05-09 05:01:09,1.1405,1.1405,1.1405,1.1792,1.054,1.0647,17422431.6999999993
2025-05-10 05:01:09,1.2565,1.2565,1.2565,1.2565,1.135,1.1399,11166368.0999999996
2025-05-11 05:01:09,1.2635,1.2635,1.2635,1.3622,1.2112,1.256,13661999.4000000004
2025-05-12 05:01:09,1.2866,1.2866,1.2866,1.3531,1.2054,1.2646,19454418.8999999985
2025-05-13 05:01:09,1.2991,1.2991,1.2991,1.3404,1.1779,1.2859,8362945.4000000004
2025-05-14 05:01:09,1.2401,1.2401,1.2401,1.3205,1.219,1.2994,9107037.8000000007
2025-05-15 05:01:09,1.1451,1.1451,1.1451,1.2696,1.116,1.2402,7909931.9000000004
2025-05-16 05:01:09,1.1093,1.1093,1.1093,1.1882,1.0951,1.1464,4513985.9000000004
2025-05-17 05:01:09,1.0736,1.0736,1.0736,1.1124,1.056,1.1093,3209839.6000000001
2025-05-18 05:01:09,1.1773,1.1773,1.1773,1.1914,1.0653,1.0726,4977994.0999999996
2025-05-19 05:01:09,1.1278,1.1278,1.1278,1.1901,1.0686,1.1773,4443852.5
2025-05-20 05:01:09,1.1154,1.1154,1.1154,1.1615,1.0623,1.1272,4388685.7000000002
2025-05-21 05:01:09,1.1939,1.1939,1.1939,1.2938,1.0909,1.1156,15886598.9000000004
2025-05-22 05:01:09,1.5158,1.5158,1.5158,1.652,1.192,1.194,60200360.200000003
2025-05-23 05:01:09,1.3541,1.3541,1.3541,1.603,1.3309,1.5172,64387409.700000003
2025-05-24 05:01:09,1.4053,1.4053,1.4053,1.5207,1.3475,1.3535,34036001.0
2025-05-25 05:01:09,1.4204,1.4204,1.4204,1.4296,1.3124,1.4055,32573383.0
2025-05-26 05:01:09,1.367,1.367,1.367,1.4727,1.3388,1.4207,24207929.0
2025-05-27 05:01:09,1.4025,1.4025,1.4025,1.4864,1.3286,1.3672,37313631.3999999985
2025-05-28 05:01:09,1.3582,1.3582,1.3582,1.4223,1.3009,1.4028,17482893.1000000015
2025-05-29 05:01:09,1.3091,1.3091,1.3091,1.4001,1.3052,1.3593,13814362.3000000007
2025-05-30 05:01:09,1.1254,1.1254,1.1254,1.3233,1.1064,1.3106,34296377.5
2025-05-31 05:01:09,1.135,1.135,1.135,1.1719,1.0696,1.1254,15179878.5999999996
2025-06-01 05:01:09,1.1655,1.1655,1.1655,1.1734,1.0894,1.1352,7028656.5999999996
2025-06-02 05:01:09,1.188,1.188,1.188,1.1962,1.1072,1.1655,14293802.0999999996
2025-06-03 05:01:09,1.1879,1.1879,1.1879,1.2496,1.1763,1.1882,22520554.1000000015
2025-06-04 05:01:09,1.1316,1.1316,1.1316,1.2121,1.129,1.1884,11750254.8000000007
2025-06-05 05:01:09,1.033,1.033,1.033,1.1467,1.0126,1.1313,9016905.6999999993
2025-06-06 05:01:09,1.0624,1.0624,1.0624,1.095,1.0291,1.0331,11602697.1999999993
2025-06-07 05:01:09,1.1212,1.1212,1.1212,1.1396,1.0579,1.0616,4981029.0
2025-06-08 05:01:09,1.1059,1.1059,1.1059,1.1417,1.0911,1.1216,5488958.7999999998
2025-06-09 05:01:09,1.1645,1.1645,1.1645,1.1691,1.063,1.1057,13791839.9000000004
2025-06-10 05:01:09,1.1797,1.1797,1.1797,1.1932,1.1168,1.1646,10304143.0999999996
2025-06-11 05:01:09,1.1195,1.1195,1.1195,1.2196,1.096,1.1803,9055236.5999999996
2025-06-12 05:01:09,1.0265,1.0265,1.0265,1.122,1.0147,1.1199,7587596.7999999998
2025-06-13 05:01:09,1.0034,1.0034,1.0034,1.0285,0.93559,1.0264,15549936.9000000004
2025-06-14 05:01:09,0.9754,0.9754,0.9754,1.0069,0.95393,1.0035,3120970.8999999999
2025-06-15 05:01:09,0.9803,0.9803,0.9803,0.99638,0.95421,0.9754,3267624.7000000002
2025-06-16 05:01:09,0.95727,0.95727,0.95727,1.0265,0.9562,0.9799,14043975.4000000004
2025-06-17 05:01:09,0.91012,0.91012,0.91012,0.96722,0.8916,0.95847,9663276.1999999993
2025-06-18 05:01:09,0.95526,0.95526,0.95526,0.96432,0.8676,0.91014,10925256.1999999993
2025-06-19 05:01:09,0.93107,0.93107,0.93107,0.96867,0.91981,0.95536,4693199.0
2025-06-20 05:01:09,0.88476,0.88476,0.88476,0.95946,0.87068,0.93094,12647924.3000000007
2025-06-21 05:01:09,0.86563,0.86563,0.86563,0.89524,0.80044,0.88489,6620744.2000000002
2025-06-22 05:01:09,0.82762,0.82762,0.82762,0.88129,0.77156,0.86571,16254460.3000000007
2025-06-23 05:01:09,0.92374,0.92374,0.92374,0.93149,0.79914,0.82786,20001049.6999999993
2025-06-24 05:01:09,0.9302,0.9302,0.9302,0.95762,0.9056,0.92419,11830939.4000000004
2025-06-25 05:01:09,0.88429,0.88429,0.88429,0.93762,0.876,0.9302,12558772.5
2025-06-26 05:01:09,0.86305,0.86305,0.86305,0.91276,0.85255,0.88433,8470144.6999999993
2025-06-27 05:01:09,0.87407,0.87407,0.87407,0.88778,0.85064,0.86326,9349285.0999999996
2025-06-28 05:01:09,0.89549,0.89549,0.89549,0.90481,0.86645,0.87359,4580871.0
2025-06-29 05:01:09,0.94176,0.94176,0.94176,0.95857,0.88565,0.89545,4801797.5
2025-06-30 05:01:09,0.89815,0.89815,0.89815,0.94828,0.88206,0.94178,5642679.0999999996
2025-07-01 05:01:09,0.85414,0.85414,0.85414,0.9017,0.84419,0.89824,6401157.0
2025-07-02 05:01:09,0.94407,0.94407,0.94407,0.96583,0.84511,0.85391,12203079.4000000004
2025-07-03 05:01:09,0.94383,0.94383,0.94383,0.98375,0.92267,0.94434,14240339.6999999993
2025-07-04 05:01:09,0.87289,0.87289,0.87289,0.95188,0.86,0.94463,14124555.8000000007
2025-07-05 05:01:09,0.86857,0.86857,0.86857,0.88643,0.85198,0.87398,3310318.2999999998
2025-07-06 05:01:09,0.89322,0.89322,0.89322,0.91143,0.85986,0.86896,9092096.6999999993
2025-07-07 05:01:09,0.87237,0.87237,0.87237,0.90974,0.85912,0.89338,6756849.0999999996
2025-07-08 05:01:09,0.87433,0.87433,0.87433,0.88733,0.85406,0.87237,4458024.9000000004
2025-07-09 05:01:09,0.91408,0.91408,0.91408,0.91986,0.86002,0.87486,10907075.4000000004
2025-07-10 05:01:09,1.0694,1.0694,1.0694,1.0785,0.89968,0.91423,18883201.5
2025-07-11 05:01:09,1.0409,1.0409,1.0409,1.141,1.0088,1.0695,21745791.1000000015
2025-07-12 05:01:09,1.0298,1.0298,1.0298,1.0578,0.99301,1.041,9680440.8000000007
2025-07-13 05:01:09,1.0461,1.0461,1.0461,1.0812,1.0244,1.0299,6180005.7000000002
2025-07-14 05:01:09,1.0526,1.0526,1.0526,1.1227,1.0194,1.0464,13402132.9000000004
2025-07-15 05:01:09,1.0852,1.0852,1.0852,1.0871,0.99282,1.0517,14986865.9000000004
2025-07-16 05:01:09,1.1091,1.1091,1.1091,1.1505,1.0494,1.0855,11233866.6999999993
2025-07-17 05:01:09,1.1075,1.1075,1.1075,1.1341,1.0567,1.1082,11255539.1999999993
2025-07-18 05:01:09,1.1391,1.1391,1.1391,1.2118,1.1008,1.1083,18500444.1000000015
2025-07-19 05:01:09,1.1506,1.1506,1.1506,1.1833,1.0963,1.1378,4879907.9000000004
2025-07-20 05:01:09,1.2247,1.2247,1.2247,1.286,1.1383,1.1509,14586588.9000000004
2025-07-21 05:01:09,1.2385,1.2385,1.2385,1.2925,1.195,1.2245,13748531.9000000004
2025-07-22 05:01:09,1.3963,1.3963,1.3963,1.402,1.1643,1.2384,21566512.3000000007
2025-07-23 05:01:09,1.1754,1.1754,1.1754,1.399,1.1276,1.3967,30240834.8000000007
2025-07-24 05:01:09,1.1391,1.1391,1.1391,1.2028,1.0727,1.1763,12041640.5999999996
2025-07-25 05:01:09,1.1655,1.1655,1.1655,1.1688,1.0919,1.1379,8685223.6999999993
2025-07-26 05:01:09,1.1599,1.1599,1.1599,1.1823,1.1539,1.1653,3092905.7000000002
2025-07-27 05:01:09,1.2174,1.2174,1.2174,1.2264,1.156,1.1605,7533619.7999999998
2025-07-28 05:01:09,1.118,1.118,1.118,1.2387,1.1093,1.2174,9737008.5
2025-07-29 05:01:09,1.082,1.082,1.082,1.1381,1.0513,1.1171,7587367.2999999998
2025-07-30 05:01:09,1.0643,1.0643,1.0643,1.0855,1.0073,1.0817,8437279.9000000004
2025-07-31 05:01:09,1.0053,1.0053,1.0053,1.0937,0.99808,1.0642,9797720.1999999993
2025-08-01 05:01:09,0.96459,0.96459,0.96459,1.0066,0.93287,1.0049,22913264.8000000007
2025-08-02 05:01:09,0.93544,0.93544,0.93544,0.9769,0.91027,0.96387,6600124.5999999996
2025-08-03 05:01:09,0.97374,0.97374,0.97374,0.98076,0.92549,0.93523,3979671.5
2025-08-04 05:01:09,0.9991,0.9991,0.9991,1.0161,0.97299,0.97412,9337349.5
2025-08-05 05:01:09,0.94531,0.94531,0.94531,0.99978,0.92351,0.99948,5802952.4000000004
2025-08-06 05:01:09,0.96641,0.96641,0.96641,0.97145,0.91993,0.94532,5930069.2000000002
2025-08-07 05:01:09,1.0254,1.0254,1.0254,1.0269,0.95755,0.96643,9903757.3000000007
2025-08-08 05:01:09,1.0347,1.0347,1.0347,1.045,1.0002,1.0263,12315468.0
2025-08-09 05:01:09,1.0784,1.0784,1.0784,1.109,1.0314,1.0351,34093118.299999997
2025-08-10 05:01:09,1.0814,1.0814,1.0814,1.107,1.0274,1.0784,24593325.8999999985
2025-08-11 05:01:09,0.98984,0.98984,0.98984,1.1106,0.97855,1.0816,9258480.3000000007
2025-08-12 05:01:09,1.0592,1.0592,1.0592,1.0785,0.96596,0.98926,8154400.2999999998
2025-08-13 05:01:09,1.1194,1.1194,1.1194,1.142,1.0429,1.0602,11930093.5999999996
2025-08-14 05:01:09,0.99761,0.99761,0.99761,1.1372,0.94286,1.1201,22277310.6000000015
2025-08-15 05:01:09,0.98659,0.98659,0.98659,1.0211,0.95309,0.99781,7287166.7999999998
2025-08-16 05:01:09,1.0031,1.0031,1.0031,1.0083,0.97206,0.98655,2498656.1000000001
2025-08-17 05:01:09,0.99993,0.99993,0.99993,1.0361,0.99191,1.0035,1877083.7
2025-08-18 05:01:09,0.95195,0.95195,0.95195,1.0014,0.94166,0.99984,8625376.3000000007
2025-08-19 05:01:09,0.89961,0.89961,0.89961,0.9649,0.89582,0.95216,8412782.5999999996
2025-08-20 05:01:09,0.9604,0.9604,0.9604,0.96499,0.89421,0.90006,6374596.2999999998
2025-08-21 05:01:09,0.93307,0.93307,0.93307,0.96659,0.92158,0.96041,4323851.7000000002
2025-08-22 05:01:09,1.0269,1.0269,1.0269,1.0312,0.89437,0.93308,9893402.6999999993
2025-08-23 05:01:09,1.0109,1.0109,1.0109,1.0298,0.98673,1.0268,4399157.2999999998
2025-08-24 05:01:09,0.97182,0.97182,0.97182,1.0296,0.95436,1.0108,14162061.4000000004
2025-08-25 05:01:09,0.88174,0.88174,0.88174,0.98447,0.86395,0.97187,11710467.0
2025-08-26 05:01:09,0.95204,0.95204,0.95204,0.955,0.87993,0.8816,6271120.2000000002
2025-08-27 05:01:09,0.93143,0.93143,0.93143,0.96617,0.92969,0.95249,4212391.4000000004
2025-08-28 05:01:09,0.96031,0.96031,0.96031,0.96446,0.92326,0.93189,6578299.9000000004
2025-08-29 05:01:09,0.90449,0.90449,0.90449,0.96157,0.89159,0.96043,4152125.7999999998
2025-08-30 05:01:09,0.8993,0.8993,0.8993,0.92203,0.88721,0.90431,769443.1
